id,sequence,base_pairs
telomerase_AF221906.96-545,GGGUUGCGGAGGGAGGGCCCGGGAGGGGUGAGCGUCCAUUAUCGUCUAACCCUAACUGAGAUGGGCGUAGGCGCCGCGCUUUUGCUUCCCGCGCGCUGUUUUUCUCGCUGACUUUCAGCGGGCGGAAAAGCCUCGGCCUACUGCCGUCUACUGUCGUAUCUGGAGCAAACAAAAAAUGUCAGCCGCUGGUCCGCUCGCCCCAUCCGGGAACCUGCGGUGGCUCGUCCGCCCUGCCCCCGCGCUCCGCCUAGAGGCCGCGGUCCGCCCGGGGCUUCUCCGGAGGCACCCAAUGCAGCCGCGAAGAGUUAGGCUCUGUCAGCCGCGGAUCCCGCGGGGGCCAAGGGUGAGGCUUAGGCCGCGGGCCGCAGGAAGAAAAACCGAGCGAGUUCUCACGCGCGGUGCGCUUCCCUGAGCUGUGGGUCGUGCGCCUGGGACUCGGCUCAGACACGU,"[[18, 189], [23, 88], [24, 87], [29, 197], [30, 37], [31, 36], [31, 195], [32, 35], [33, 228], [34, 184], [44, 72], [51, 63], [51, 343], [52, 60], [52, 309], [52, 342], [52, 348], [52, 419], [53, 61], [54, 307], [64, 230], [64, 248], [65, 131], [65, 229], [65, 247], [65, 428], [65, 450], [66, 78], [66, 197], [66, 228], [66, 246], [66, 403], [66, 427], [67, 77], [67, 184], [67, 196], [67, 227], [67, 245], [67, 426], [68, 76], [68, 91], [68, 425], [69, 149], [69, 424], [70, 82], [70, 86], [73, 218], [74, 93], [74, 189], [74, 217], [75, 216], [90, 333], [101, 128], [103, 445], [104, 300], [105, 347], [106, 120], [107, 119], [108, 118], [110, 116], [110, 180], [110, 191], [112, 130], [112, 178], [112, 189], [112, 224], [113, 129], [117, 187], [121, 230], [122, 229], [123, 228], [132, 348], [136, 255], [137, 189], [138, 348], [138, 354], [138, 419], [157, 298], [159, 445], [160, 444], [179, 189], [183, 189], [183, 220], [185, 218], [185, 417], [190, 326], [192, 324], [193, 323], [200, 335], [201, 431], [203, 326], [203, 335], [207, 408], [213, 418], [214, 316], [214, 332], [214, 366], [214, 417], [215, 315], [223, 298], [225, 326], [226, 325], [234, 337], [235, 336], [236, 335], [237, 334], [238, 333], [250, 352], [252, 312], [252, 390], [259, 314], [260, 329], [260, 363], [261, 326], [265, 335], [266, 334], [268, 313], [268, 332], [269, 436], [270, 297], [270, 321], [270, 339], [270, 357], [270, 415], [270, 428], [271, 284], [271, 296], [271, 311], [271, 320], [271, 338], [271, 350], [271, 356], [271, 414], [272, 319], [272, 337], [272, 349], [272, 427], [273, 294], [273, 336], [273, 348], [273, 354], [274, 347], [275, 346], [277, 334], [278, 334], [279, 314], [280, 313], [281, 312], [281, 441], [285, 421], [286, 399], [286, 420], [286, 423], [289, 430], [328, 335], [330, 333], [331, 332], [345, 392], [378, 439], [379, 438], [380, 437], [380, 442], [381, 436], [383, 439], [385, 436], [388, 434], [389, 433], [394, 397], [412, 436], [447, 450], [448, 449]]"
telomerase_AF221920.99-541,GGGUUGCGGAGGGUGGGCCCAGGAGCGGUGGCGGCCAUUUUUUAAGUCUAACCCUAACUGAAAGAGGCGUAGGCGCUGCGCUUUUGCUUCACGCGCGCUGUUUUUCUCGCUGACUUUCAGCGGGCGGAAAAGCCUCGGCCUACCGCCAUCCACCAUCCAGUCUGAAACAAACAAAAAAUGUCAGCCUCUGGCUCGCUCACUGCUCCCGGGAACCUGCGGUGGUUCGCCCGCCCAGCCCCCGCGCCCCGCCUGAGGCCGCGGUCGGCCCGGGGCUUCUCCGGAGGCGCCCAUUGCCGCCGCGAAGAGUUGGGCUCUGUCAGCCGCGGGUCCCUCGGGGGCCAAGGCGAGGCUCUGACCGCAGGGAAAGGAACGGAGUUGGUCCCCGCGCGCUGUGCGCUUCCCUAAGCUGUGGGCUGUGCACCUGGGACUCGGCUCAGACACUU,"[[16, 19], [17, 18], [24, 197], [28, 143], [42, 44], [48, 437], [54, 343], [54, 406], [56, 99], [64, 136], [64, 188], [65, 83], [65, 89], [65, 135], [65, 187], [66, 82], [66, 134], [66, 186], [67, 81], [67, 133], [67, 185], [68, 80], [68, 86], [68, 138], [68, 230], [69, 79], [75, 79], [75, 321], [76, 95], [76, 284], [77, 218], [78, 318], [100, 318], [105, 219], [112, 318], [114, 160], [115, 159], [118, 409], [119, 391], [120, 196], [121, 195], [122, 194], [144, 218], [146, 432], [147, 431], [153, 222], [155, 220], [156, 219], [156, 413], [157, 190], [157, 218], [157, 412], [200, 219], [202, 220], [202, 289], [202, 318], [203, 418], [204, 218], [204, 337], [208, 268], [209, 278], [233, 409], [236, 337], [237, 337], [238, 336], [240, 334], [243, 257], [258, 317], [259, 316], [260, 315], [260, 357], [261, 267], [261, 356], [262, 290], [262, 316], [263, 354], [265, 267], [269, 333], [270, 332], [270, 352], [270, 382], [271, 322], [271, 351], [271, 408], [272, 321], [272, 328], [272, 350], [272, 380], [272, 407], [273, 320], [273, 349], [273, 432], [274, 319], [274, 337], [274, 348], [275, 347], [280, 315], [282, 313], [287, 379], [310, 322], [310, 351], [312, 320], [326, 357], [326, 422], [326, 429], [327, 356], [327, 421], [329, 354], [331, 348], [338, 356], [339, 432], [340, 354], [340, 431], [358, 410], [360, 408], [373, 430], [373, 443], [375, 421], [375, 441], [376, 432], [378, 429]]"
telomerase_AF221910.112-554,UGUCAUUCCGGAGAGGGGCGUUUUCUUCUUUCUCUAACCCUAAUGUAUUGCUUGGGCAGCAGCUCUCUCGGUAUGCUCGCUGUUUUGCUGGCUAACUUUCAGCGAGCAGAGGGCGAAGUCGAAUUUCGGACAAGGGAGAAAAAAUGUUAGCCGGGGAACGCCCCUUUCCCGAAUGCCCGUGCCGUCCUUCCUCUCCUCUGGGCCCGUUGGCGAUAGCCCCCGGCCUCCCUCGCUCCUUAGGCCGCGGUCAGUCCGGGCCCUUGCUCUGGCAUGAGGUCCAUUGCUGCCGCGAAGAGUUCGUCUCUGUCAGCCUUGAGGUGGCCAGCAUGGAAUUGGCGGGCUUGUGGCGGCGCGCGGGAAAAAGCAAAUGGUGAACUAGGUGCGUGUUGUGGUCGUGUUCCUGAAGCGUGGAAUGUGCGAUCUGUGCGCUAGUUCAUACACAC,"[[1, 5], [1, 440], [2, 4], [6, 13], [7, 12], [8, 11], [9, 10], [16, 163], [17, 162], [18, 161], [19, 160], [19, 175], [20, 159], [21, 37], [21, 158], [22, 157], [26, 58], [26, 61], [31, 412], [34, 417], [39, 318], [39, 380], [40, 240], [40, 317], [40, 379], [42, 377], [43, 147], [59, 147], [65, 111], [74, 327], [76, 106], [76, 325], [77, 105], [77, 324], [78, 104], [79, 103], [80, 102], [81, 101], [82, 100], [82, 148], [82, 214], [82, 308], [82, 323], [86, 104], [86, 327], [86, 366], [87, 151], [88, 325], [89, 149], [89, 324], [90, 148], [90, 308], [90, 323], [91, 151], [92, 150], [93, 149], [94, 148], [95, 147], [96, 146], [108, 305], [109, 304], [114, 300], [115, 427], [116, 126], [117, 125], [121, 418], [128, 418], [169, 210], [176, 340], [177, 339], [178, 200], [180, 354], [181, 248], [181, 351], [186, 318], [190, 276], [191, 246], [191, 275], [192, 274], [195, 318], [196, 275], [196, 317], [196, 320], [197, 274], [201, 243], [203, 257], [203, 340], [204, 240], [204, 246], [204, 256], [204, 320], [204, 330], [204, 339], [205, 338], [206, 337], [207, 354], [209, 249], [209, 308], [216, 341], [217, 340], [221, 255], [222, 254], [225, 320], [229, 417], [231, 408], [233, 320], [235, 318], [235, 415], [236, 275], [236, 317], [251, 278], [251, 341], [252, 340], [258, 340], [259, 339], [260, 275], [261, 274], [268, 308], [269, 307], [277, 420], [279, 329], [279, 415], [280, 328], [286, 308], [288, 356], [289, 345], [290, 354], [296, 341], [297, 340], [297, 397], [298, 419], [301, 417], [306, 308], [310, 341], [311, 340], [312, 339], [314, 315], [321, 322], [359, 399], [375, 433], [376, 432], [381, 399]]"
telomerase_AF221936.98-540,GGGUUGCGGAGGGUGGGCCCCGGGUUGGUGGCAGCCAUUUCUCAUCUAACCCUAAUUGAGACAGGCGUAGGCGCUGUGCUUUUGGUUACCGCGCGCUGUUUUUCUCGCUGACUUUCAGCGGGCGGAAAAGCCUCGGCCUACCGCCAUCCACCAUCCAGUCUGCAACAAACAAAAAAUGUCAGCCGCUGGCUCGCUCACCUCUCCCGGGAACCUGCGGUGGUCCGCCCGCCCAGCCCCAGUGCCCCGCCUGAGGCCGCGGUCGGCCCGGUGCUUCUCCGGAGGUGUCCAUUGCCGCCGUGAAGAGUUGGGCUCUGUCAGCCGCGGGUCGCUCGGUGGGCCGAGGCAUGGCUGUAACCGCAGGGAAAGGAACGGAGUGGGGUCCCCGCGCGCGGUGCGCUUCCCUGAGCUGUGGGACUUGCACCCGGGACUCGGCUCAGACAUCC,"[[12, 442], [13, 441], [14, 440], [15, 20], [16, 19], [16, 20], [16, 434], [17, 18], [21, 22], [24, 50], [24, 441], [33, 161], [34, 86], [34, 160], [34, 180], [35, 95], [35, 107], [36, 178], [37, 177], [44, 47], [48, 87], [60, 100], [60, 104], [61, 99], [61, 103], [63, 161], [64, 96], [64, 145], [64, 160], [64, 320], [65, 74], [65, 179], [66, 143], [66, 396], [67, 142], [67, 223], [68, 91], [72, 120], [73, 119], [73, 319], [75, 117], [76, 116], [78, 131], [78, 344], [79, 91], [79, 130], [80, 129], [81, 128], [82, 127], [84, 90], [98, 116], [106, 120], [108, 118], [110, 116], [110, 156], [110, 160], [110, 180], [110, 316], [111, 115], [111, 159], [111, 179], [112, 158], [112, 178], [113, 129], [125, 355], [133, 341], [133, 412], [133, 425], [134, 340], [136, 254], [136, 429], [140, 334], [144, 189], [152, 281], [153, 218], [155, 216], [157, 161], [165, 179], [183, 220], [183, 336], [185, 218], [185, 261], [199, 219], [201, 217], [201, 374], [203, 208], [204, 372], [206, 322], [206, 370], [214, 352], [214, 358], [214, 410], [215, 357], [222, 324], [222, 392], [231, 351], [231, 409], [232, 350], [233, 349], [234, 348], [235, 337], [241, 419], [243, 337], [244, 336], [245, 335], [247, 325], [249, 323], [251, 311], [255, 323], [256, 257], [256, 315], [259, 260], [262, 266], [263, 265], [264, 325], [264, 337], [268, 330], [270, 319], [276, 333], [277, 332], [278, 313], [278, 331], [279, 312], [280, 311], [294, 334], [295, 333], [308, 320], [338, 432], [373, 441], [405, 434], [413, 421]]"
telomerase_AF221923.106-554,GGGUUGAGGAUGGCGCCCCCGGGUCGGGCAGUGGUCUUUUUUGUUCUAACCCUAACUGGCAAGGGCGUAGGUGCUGUGCUUUUGUUCCCCGCGCGUUGUUUUUCUCGCUGACUUUCAGCGGGCGGGAAAAGCCCUGGCCUACCGCCGUCUACCGAUAGUUUGGAGCAAACAAAAAAAUGUCAGCCGCUGGCCGCUCACCCCUCCCGGGAACCUGUGGUGGCUCGCCCGCCCAGCCCCGCGCCCCGCCUGGAGGCCGCGGUCGGCCUGGGGCUUCUCCGGAGGUUCCCAUUGCCGCCGCGAAGAGUUAGGCUCUGUCAGCCGCGGGUCCUGCGGGAACCAAGGGCGAGGCUUAGGCCUCCUGAACGCAGGGAGAGAAAUGGAGCGAUUCCCCGAGUACGUGUGCUUCCCUGAGUUGUGGGAUGUGCGUCCGGGACUCAGCUCCGACAGGU,"[[15, 24], [17, 28], [18, 23], [18, 28], [19, 27], [20, 21], [20, 26], [22, 24], [22, 435], [30, 57], [52, 63], [52, 308], [54, 86], [58, 116], [59, 85], [62, 82], [65, 85], [65, 148], [66, 147], [67, 77], [67, 146], [68, 76], [69, 213], [73, 85], [75, 117], [90, 323], [91, 322], [98, 105], [98, 116], [108, 118], [113, 157], [137, 350], [151, 218], [186, 218], [187, 190], [201, 332], [203, 208], [204, 431], [209, 284], [210, 283], [214, 445], [230, 334], [232, 266], [235, 269], [235, 325], [235, 334], [236, 324], [237, 323], [238, 266], [238, 322], [240, 255], [240, 364], [245, 266], [248, 249], [250, 358], [252, 284], [256, 257], [256, 315], [263, 319], [267, 351], [268, 338], [268, 350], [270, 319], [270, 388], [271, 318], [277, 278], [279, 312], [280, 284], [280, 311], [281, 283], [294, 401], [294, 416], [295, 321], [295, 400], [295, 415], [310, 318], [314, 445], [343, 440], [361, 445], [366, 400]]"
telomerase_AF221913.109-520,UUAAUUAGAGGGAUUGGAAGGUUCCGCUUAUGCUAACCCUAAUAUUGGGGGUCUGUUGAAAACCUCUUUAAGAUAUGCGUGUUGUUUUAUUGGCUGACUUUCAGCGCGCAUUGAGAGGAGUUGCUGCCCAGGACUAAAAAAUGUCAGCUGGGAGUCCUUCCUCUCCCUUAUUUCUGCCUCACAACCUGGACUCUUUAUUUAGCGGUGCCCCAUUUGUCGAGGCCGCAGUCAGUCUUGUUCUUAUACGCUGCUGUUGCGAAGAGUUCGUCUCUGUCAGCCUCCGGGGCAACGCCUUGAAUUUGGAGAGCCUGGGAAUGUAACAAGGGGUAGGGAAAAUAACGAGAGCUGAGUUGGCUUCUCCUGUGCUGUUCCUGAGCUGUGGAACUUGCAAUCGCAGUCGGCUCUGACACUU,"[[1, 59], [2, 58], [2, 92], [3, 57], [3, 91], [4, 56], [5, 55], [5, 89], [7, 405], [8, 163], [8, 271], [8, 404], [10, 39], [10, 161], [11, 38], [11, 160], [12, 37], [12, 156], [12, 165], [20, 38], [20, 64], [21, 37], [21, 63], [24, 205], [25, 204], [26, 203], [27, 202], [28, 92], [28, 103], [28, 201], [28, 204], [29, 75], [33, 93], [33, 202], [35, 83], [36, 82], [40, 92], [41, 91], [42, 90], [43, 75], [43, 89], [47, 168], [48, 63], [49, 129], [49, 165], [50, 128], [50, 161], [50, 279], [50, 359], [51, 127], [51, 223], [52, 126], [52, 222], [53, 204], [53, 221], [65, 116], [65, 262], [66, 261], [68, 71], [69, 70], [69, 89], [77, 109], [78, 108], [79, 107], [79, 393], [79, 410], [80, 106], [80, 409], [81, 105], [81, 408], [84, 102], [94, 216], [94, 277], [95, 103], [95, 146], [95, 231], [95, 276], [96, 102], [96, 145], [96, 156], [96, 200], [96, 230], [96, 275], [96, 399], [97, 101], [97, 144], [97, 229], [97, 274], [97, 398], [98, 216], [98, 228], [99, 153], [99, 276], [118, 193], [118, 271], [119, 192], [119, 370], [120, 161], [120, 163], [120, 269], [120, 358], [120, 369], [120, 402], [121, 401], [123, 148], [123, 229], [123, 398], [124, 397], [125, 396], [130, 310], [130, 373], [131, 157], [132, 156], [132, 371], [132, 399], [134, 232], [143, 408], [147, 148], [151, 166], [154, 191], [155, 190], [174, 397], [176, 395], [177, 394], [180, 381], [181, 373], [184, 206], [186, 204], [187, 283], [188, 235], [188, 282], [189, 234], [189, 281], [208, 216], [227, 362], [237, 321], [239, 314], [247, 398], [248, 397], [249, 396], [250, 395], [250, 398], [251, 394], [251, 397], [252, 396], [253, 275], [253, 395], [253, 398], [254, 394], [260, 405], [263, 402], [296, 301], [296, 340], [297, 300], [298, 299], [306, 403], [307, 402], [308, 401], [344, 370], [344, 403], [345, 369], [345, 402], [346, 401], [347, 400], [348, 399], [348, 412], [349, 403], [350, 392], [350, 398], [351, 391], [353, 399], [354, 398], [365, 398], [375, 403], [376, 398], [377, 401], [378, 396], [379, 395], [380, 394]]"
telomerase_U85256.1-451,GGGUUGCGGAGGGUGGGCCUGGGAGGGGUGGUGGCCAUUUUUUGUCUAACCCUAACUGAGAAGGGCGUAGGCGCCGUGCUUUUGCUCCCCGCGCGCUGUUUUUCUCGCUGACUUUCAGCGGGCGGAAAAGCCUCGGCCUGCCGCCUUCCACCGUUCAUUCUAGAGCAAACAAAAAAUGUCAGCUGCUGGCCCGUUCGCCCCUCCCGGGGACCUGCGGCGGGUCGCCUGCCCAGCCCCCGAACCCCGCCUGGAGGCCGCGGUCGGCCCGGGGCUUCUCCGGAGGCACCCACUGCCACCGCGAAGAGUUGGGCUCUGUCAGCCGCGGGUCUCUCGGGGGCGAGGGCGAGGUUCAGGCCUUUCAGGCCGCAGGAAGAGGAACGGAGCGAGUCCCCGCGCGCGGCGCGAUUCCCUGAGCUGUGGGACGUGCACCCAGGACUCGGCUCACACAUGC,"[[9, 134], [15, 149], [16, 19], [16, 148], [17, 18], [21, 431], [22, 88], [22, 430], [23, 87], [24, 86], [28, 151], [30, 75], [31, 82], [31, 148], [31, 151], [32, 143], [32, 150], [33, 36], [33, 75], [33, 80], [33, 152], [34, 35], [44, 160], [47, 69], [52, 63], [52, 120], [60, 104], [60, 148], [61, 103], [61, 147], [62, 102], [65, 179], [66, 143], [66, 197], [67, 142], [67, 196], [67, 223], [68, 76], [70, 75], [71, 179], [72, 73], [74, 76], [74, 93], [90, 308], [91, 307], [106, 120], [107, 119], [108, 118], [109, 117], [110, 116], [110, 180], [110, 317], [111, 115], [111, 179], [112, 178], [123, 136], [124, 142], [125, 138], [127, 148], [132, 414], [137, 363], [140, 218], [141, 220], [144, 283], [161, 162], [167, 184], [187, 188], [193, 332], [200, 335], [201, 209], [201, 334], [203, 221], [203, 335], [204, 334], [205, 219], [205, 324], [205, 333], [205, 334], [206, 218], [206, 267], [206, 323], [206, 332], [207, 331], [214, 316], [216, 230], [216, 365], [217, 364], [227, 361], [228, 360], [233, 338], [234, 337], [235, 336], [236, 335], [237, 334], [238, 333], [239, 332], [240, 331], [240, 350], [240, 437], [241, 349], [249, 250], [260, 261], [260, 266], [264, 266], [268, 288], [268, 332], [269, 287], [269, 331], [269, 391], [270, 286], [270, 321], [270, 390], [270, 429], [271, 320], [271, 364], [271, 415], [272, 319], [273, 318], [276, 343], [277, 334], [289, 418], [291, 345], [301, 407], [309, 321], [311, 319], [326, 429], [328, 362], [356, 362], [388, 428], [421, 429], [426, 427], [448, 449]]"
telomerase_AF221924.105-538,CGCGUGGCGGAUGGGGAGGCUCCAGUCUCACUAACCCUAAUGGCUGCCGCCGUGCUCCCCGCACCCGUCCGCUGUUUUAUUCGCUGACUUUCAGCGGACGGGGGGAGCCGCCUGGGGGGGAAGGGGUUUGCAAUCAAAAAACGUCAGCGACGGGUCUCCCCAGCCCAGCCCGCCCUGGGGUCUCCGUCCCCCCACGCAGCCGGGGGCCUGCCGCGGAGGCUCCCUCCGCCGCACUUCACGGAGGCCGCGGUCGGCCGGUGUCCGCCACUGCCGCCGCGAAGAGUUCGUCUCUGUCAGCCUCGGCGGCGGUGGGGAGCGAGAGGGCUCGUCCCCGCGCCGGGGACCCCAGCAGAGCAAAACGGAGCGGCGUCCUCGGCACAGCCGCCGCGCUUCCCUCAACCGUGGGAUGCGCGGACGGCGCCGCUUCGACACCC,"[[4, 195], [6, 51], [7, 47], [7, 50], [7, 111], [7, 144], [8, 49], [8, 264], [9, 48], [9, 109], [9, 263], [13, 434], [14, 433], [15, 58], [15, 394], [16, 57], [16, 59], [16, 158], [17, 21], [17, 28], [17, 157], [17, 392], [18, 27], [18, 48], [18, 55], [18, 109], [18, 156], [18, 182], [18, 299], [18, 391], [18, 422], [19, 26], [19, 288], [19, 390], [19, 421], [20, 420], [22, 115], [22, 216], [23, 114], [24, 113], [25, 112], [32, 79], [33, 78], [34, 77], [35, 43], [36, 42], [37, 218], [56, 205], [60, 100], [60, 177], [60, 311], [61, 151], [61, 176], [61, 310], [61, 338], [61, 412], [65, 101], [66, 100], [66, 152], [67, 99], [68, 98], [68, 415], [69, 97], [69, 414], [70, 96], [71, 95], [72, 94], [73, 93], [73, 146], [74, 92], [74, 145], [74, 379], [83, 95], [84, 94], [84, 147], [85, 93], [85, 146], [86, 92], [86, 145], [87, 91], [87, 144], [87, 294], [90, 295], [141, 288], [153, 332], [155, 343], [169, 411], [178, 346], [179, 345], [180, 220], [180, 344], [181, 343], [183, 363], [183, 415], [184, 362], [184, 414], [185, 413], [186, 344], [186, 412], [187, 343], [188, 342], [189, 341], [202, 374], [202, 434], [203, 373], [206, 220], [213, 265], [214, 264], [219, 394], [223, 244], [224, 243], [225, 363], [226, 362], [239, 264], [240, 263], [241, 291], [242, 261], [242, 290], [245, 250], [245, 260], [246, 249], [246, 413], [247, 248], [247, 265], [251, 399], [252, 328], [252, 417], [253, 386], [254, 304], [257, 295], [258, 294], [258, 400], [259, 399], [267, 294], [270, 295], [275, 413], [276, 294], [276, 412], [277, 411], [278, 410], [282, 396], [283, 395], [284, 389], [293, 295], [300, 319], [301, 339], [302, 338], [302, 386], [303, 337], [303, 385], [305, 422], [321, 396], [329, 415], [330, 342], [330, 414], [331, 341], [334, 412], [335, 411], [361, 427], [364, 424], [371, 414], [372, 405], [372, 413], [376, 412], [384, 412], [387, 412], [388, 411], [419, 420]]"
telomerase_AF221908.136-584,AAUCAGCGUUUAAAGCUCAAUGUGGACGGAGGUCUCUGUUUCGCUAACCCUAAUACACUGGCUUCAGGGCGAUGGCUCUUCGCGGCGGUGCCUGUUGUUUUACUUGCUGACUUUCAGCGGGCACGGAGAGCAAGCGUAGACGACGACUAAAAAACGUCAGCUGGGAGACUCCUCCGUUCGCACAGCCCGACCUGCUCCAUUGCCCAAGAGCCCCGGGUUUUCUCUGUGGAAUGUAUCAGGCGCUCCCCGGUCUGUCUGUCUGGGGCCGCGGUCGGCAUCAUCUGCUGUCGCGAAGAGUUCGUCUCUGUUAGCCCUUGGGGGCCCUGGUGCGGAGUGGAGAGUCCGGGUCUGGGGGGUCGGGAGAACAAAAGGGGGCGCGCUGGUGCUCAGGCUCAGUCAUGCUUUCCCUUAGUUGUGGGAUAUGCGUGUUCAGCCAGUCCCCGACAUGU,"[[6, 285], [6, 402], [9, 47], [10, 13], [25, 439], [26, 438], [27, 38], [27, 341], [27, 437], [28, 37], [28, 42], [28, 225], [28, 306], [29, 36], [29, 41], [29, 171], [29, 224], [29, 305], [29, 435], [29, 441], [30, 35], [30, 40], [30, 64], [30, 170], [30, 173], [30, 223], [30, 304], [30, 404], [31, 34], [31, 63], [31, 169], [31, 172], [31, 222], [31, 403], [32, 33], [32, 62], [44, 117], [44, 311], [44, 412], [46, 96], [50, 67], [58, 437], [59, 436], [60, 435], [61, 434], [68, 323], [70, 185], [73, 436], [74, 435], [76, 210], [76, 341], [77, 209], [77, 296], [77, 340], [78, 128], [78, 208], [78, 295], [78, 339], [79, 207], [80, 120], [80, 206], [81, 84], [81, 119], [82, 227], [85, 285], [87, 89], [90, 122], [90, 241], [91, 121], [91, 240], [91, 391], [92, 239], [93, 238], [94, 237], [107, 160], [107, 311], [107, 412], [108, 159], [108, 411], [109, 115], [109, 158], [109, 309], [109, 410], [110, 157], [110, 409], [125, 214], [125, 225], [125, 306], [126, 213], [126, 224], [126, 305], [126, 407], [126, 441], [127, 223], [130, 195], [136, 155], [137, 154], [145, 171], [145, 343], [145, 398], [146, 397], [147, 396], [147, 412], [161, 437], [163, 183], [163, 435], [164, 246], [164, 344], [165, 305], [166, 170], [166, 196], [166, 304], [166, 342], [167, 169], [167, 172], [167, 303], [167, 439], [168, 221], [168, 302], [168, 438], [174, 332], [174, 337], [175, 331], [175, 336], [176, 316], [176, 335], [184, 414], [184, 447], [189, 330], [189, 349], [197, 208], [198, 331], [211, 385], [215, 248], [216, 247], [216, 343], [217, 342], [218, 341], [243, 311], [243, 321], [243, 383], [244, 320], [245, 319], [250, 343], [262, 324], [274, 286], [275, 285], [276, 284], [297, 303], [322, 385], [333, 342], [346, 393], [347, 348], [347, 392], [358, 443], [359, 442], [360, 441], [361, 440], [363, 431], [367, 427], [370, 409], [371, 408], [371, 442], [372, 407], [372, 441], [373, 407], [373, 440], [380, 437], [381, 436], [382, 435], [384, 433], [395, 447], [415, 431], [418, 441], [419, 439], [419, 440], [420, 438], [421, 437], [426, 447], [430, 443], [432, 447], [444, 449], [445, 448], [446, 447]]"
telomerase_AF221931.99-541,GGGUUGCGGAGGGUGGGCUCGGGAGGGGUGGCGGUCAUUUUCUGUCUAACCCUAACUGAAACGGGCGUAGGCGCUGCGCUUUUGUUCCCCGCACGCUGUUUUUCUCGCUGACUUUCAGCGGGCGGAAAAGCCUUGGCCUACUGCCACACACCAUCCAGUUUGGAGCAAACAAAAAAUGUCAGCGGCUGGCCUGCUCGCCCCUCCCGGGAGCCUGCGGCGACUCGCCCGCUUAGCCCCCGCAUCCCGCCUGGAGGCCGCGGUCGGCCCGGGGCUUCUCCGGAGGCACCCAUUGCCGUCGCGAAGAGUUGGGCUCUGUCAGCCGCGGGACCCUUGGGGGCCAAGGGCGAGGCUCUGGCCGCAGGGAGAGAAACGGAGCGGGUCCCCUCGCGCGGUGCGCUUCCCUGAGCUGUGGGACUUGCACCCGGGACUAGGCUCACACACAC,"[[22, 89], [23, 87], [23, 88], [27, 88], [28, 87], [30, 36], [31, 35], [31, 45], [32, 34], [41, 126], [42, 182], [46, 70], [51, 63], [52, 136], [54, 160], [55, 133], [56, 158], [57, 157], [58, 82], [58, 104], [58, 156], [58, 288], [60, 86], [61, 85], [61, 99], [62, 84], [65, 81], [65, 88], [65, 179], [65, 225], [66, 136], [66, 197], [66, 224], [66, 396], [67, 77], [67, 196], [67, 223], [68, 76], [72, 120], [73, 119], [75, 117], [79, 136], [90, 308], [90, 377], [98, 116], [108, 118], [110, 116], [110, 180], [111, 115], [111, 179], [112, 178], [113, 129], [121, 226], [121, 266], [122, 225], [123, 224], [130, 433], [131, 136], [131, 432], [132, 348], [132, 431], [134, 280], [137, 283], [138, 282], [138, 431], [140, 410], [143, 190], [144, 189], [146, 161], [149, 394], [150, 408], [151, 392], [152, 162], [154, 374], [154, 427], [155, 373], [155, 391], [163, 277], [164, 276], [185, 293], [186, 319], [187, 318], [188, 317], [200, 344], [200, 432], [203, 208], [203, 335], [203, 346], [204, 207], [204, 334], [205, 268], [205, 324], [205, 377], [206, 267], [211, 432], [212, 377], [212, 431], [214, 316], [214, 359], [222, 347], [229, 322], [231, 404], [235, 336], [242, 327], [243, 326], [244, 325], [245, 308], [245, 324], [248, 251], [249, 250], [257, 316], [260, 266], [261, 315], [261, 425], [264, 266], [269, 382], [269, 402], [269, 422], [270, 321], [270, 351], [270, 408], [270, 421], [271, 284], [271, 320], [271, 350], [271, 380], [271, 407], [272, 319], [272, 349], [272, 406], [273, 318], [273, 336], [273, 348], [274, 366], [278, 377], [279, 314], [281, 312], [296, 404], [298, 299], [301, 399], [304, 408], [306, 404], [311, 406], [313, 404], [328, 379], [329, 336], [329, 343], [329, 349], [329, 378], [330, 335], [330, 342], [330, 348], [330, 377], [330, 406], [331, 341], [331, 347], [332, 340], [332, 346], [332, 404], [332, 424], [333, 403], [337, 350], [338, 349], [339, 348], [354, 371], [387, 390], [405, 408], [428, 431]]"
telomerase_AF221929.92-517,UGGGCCGGGAGGGGUGGUGGUCUUCCCUGUCUAACCCUAAGGUGAAGAGGACGUGGGUGCCGUGUUUUUCGCUCCCGCACGCUGUUUUUCUCGCUGACUUUCAGCGUGCAGAAAAGCCUUGGCCUACCGUCGGUUAUUGUCUAAUUAGAAGCAAACAAAAAAUGUCAGCGUGGCCGGGCCGCCCCUCCCGGAUACCUGCGGCGGCUCGUCCACCGGCCCCCGAGCCCCGCCUAGGCCGCGGCCGGCGCGGGGCUUCCCUGGAGGCGCCCAUGGCCGCCGCGAAGAGUUCGUCUCUGUCAGCUGCGGGUCGCCCGGGGGCCGCGGGAGAGUCCCAGGCCUUGGCCGCAGGGAGAGAAACGGAGCAGGUCCUCGCGCGGUGCACUCCCCUGAGCUGUGGGAAGUGCACCGGGACGGGCUCCUACAAGC,"[[2, 119], [9, 26], [10, 73], [14, 30], [15, 29], [16, 28], [17, 27], [18, 62], [18, 77], [21, 59], [37, 41], [43, 122], [44, 70], [45, 69], [47, 67], [47, 120], [48, 91], [49, 90], [51, 73], [51, 291], [52, 290], [53, 63], [53, 70], [53, 80], [54, 62], [54, 77], [54, 79], [55, 76], [64, 125], [92, 106], [104, 301], [117, 132], [136, 145], [137, 144], [173, 205], [173, 319], [184, 250], [188, 250], [190, 248], [198, 297], [198, 346], [199, 345], [200, 344], [201, 343], [206, 317], [215, 275], [216, 312], [220, 249], [220, 250], [221, 249], [221, 314], [222, 248], [222, 313], [222, 407], [225, 252], [226, 251], [227, 250], [228, 249], [229, 248], [231, 261], [262, 420], [280, 290], [282, 288], [286, 382], [296, 380], [327, 382], [331, 410], [332, 409], [337, 350], [337, 410], [338, 409], [356, 383], [359, 419], [360, 418], [362, 382], [362, 395], [368, 410], [401, 419], [406, 414]]"
telomerase_AF221927.113-556,UCUCUCUGGAGCGGGGCGAUUUCUCUUCCUUCUAACCCUAAUGCGGUGCUUAGGCGACAGUUCUCCGGGUGCGCUCGCUGUUUUUCUGGCUAACUUUCAGCGAGCGGAGAGAGCGAAGCCGUGGUUUACGACGAUAGAGGAGAAAAAAUGUUAGCUGGGGAACGUCCCUUUCCCGAGAGCCCGCGCCAUCCUCUUCCUCGGGCCCAUUGGCGAUAGCCCCCGGCCUCCCUCGCUCACCAGGCCGCGGUCAGCCCGGGCCCUGGCUCUGCUAGGGCGUCCAAUGCUGCCGCGAAGAGUUCGUCUCUGAUUGCCUUGAGGUAGCCGGGCUCGAAUAGGUGGGCUCGCGGCGAUGCGCAGGAAAGAGCAAAACAGUGAACUGGGCGUGUGCUGGGGUCGCGUCCCUGAAGUGUGGGAUGUGCGAUCUGUCCGCUUGUUCAGACAUUG,"[[2, 11], [6, 9], [7, 8], [10, 435], [12, 429], [12, 433], [13, 428], [14, 65], [14, 167], [14, 427], [15, 64], [15, 79], [15, 426], [16, 217], [16, 301], [16, 345], [19, 75], [19, 342], [19, 394], [20, 393], [27, 359], [28, 54], [28, 71], [28, 416], [29, 53], [30, 52], [32, 53], [34, 51], [38, 317], [48, 55], [56, 427], [58, 425], [59, 79], [59, 424], [60, 78], [60, 423], [62, 68], [74, 276], [76, 102], [80, 98], [80, 152], [85, 273], [86, 272], [88, 156], [88, 270], [89, 155], [90, 154], [91, 153], [92, 152], [92, 319], [93, 151], [94, 150], [95, 215], [97, 359], [101, 330], [106, 267], [107, 173], [113, 434], [117, 435], [121, 345], [123, 182], [124, 242], [124, 427], [160, 172], [161, 435], [162, 434], [163, 425], [163, 433], [165, 414], [166, 413], [169, 271], [175, 345], [179, 341], [183, 410], [186, 347], [186, 385], [187, 346], [190, 347], [192, 359], [194, 360], [195, 347], [195, 359], [197, 340], [198, 339], [198, 347], [199, 344], [200, 343], [201, 342], [201, 402], [202, 211], [202, 218], [202, 259], [202, 341], [204, 209], [206, 308], [207, 307], [216, 341], [219, 272], [219, 338], [221, 244], [222, 243], [223, 242], [223, 248], [223, 253], [223, 259], [223, 265], [223, 328], [228, 318], [229, 340], [230, 240], [230, 339], [231, 338], [232, 322], [232, 337], [247, 249], [251, 341], [252, 326], [252, 340], [254, 324], [255, 260], [255, 266], [255, 323], [255, 329], [256, 265], [256, 328], [256, 342], [257, 259], [257, 264], [257, 327], [257, 341], [257, 400], [258, 326], [262, 323], [263, 322], [268, 322], [268, 337], [279, 310], [281, 308], [282, 320], [283, 319], [283, 322], [283, 337], [284, 321], [285, 320], [286, 319], [286, 348], [287, 347], [288, 346], [288, 420], [289, 311], [289, 322], [289, 345], [289, 355], [290, 300], [290, 344], [290, 354], [291, 353], [292, 328], [295, 303], [295, 342], [296, 327], [296, 341], [297, 320], [297, 326], [297, 340], [297, 376], [298, 350], [298, 420], [299, 318], [304, 335], [306, 333], [314, 344], [316, 426], [395, 420], [398, 415]]"
telomerase_AF221935.112-602,GUCCAGCUGCGGGGAGAAAGUGUCGUUCUCUAACCCUAAUGCGAGGGCAAUGCGGGCCCUUUGUUUAAAGUCCCGUUGUCGCGCGAAGCGGGAGCCCUCGCUGUUUUCUUGGCUAACUUUCAGCGAUGGUGAAAGGGCCUAGCAAAGGUUGGGAAGCGUGAUUUAUUGUUGGUGGGCAGAGAGAAAAAAGUUUCAGCCGCGGCCUCCUCCCCGGCGGCCCAGGACCCCCUGUUGCAACGUGCGAAAUGGCGGCCUCGGCCCCCACCUUUGCUCGCAUGCCCAGCCGAGUAGGCCGCGGUCAGCGCCGGCUUCCACGCCAGUGUGGGGCUUGAUGCUGUCGCGAAGAGUUCGUCUCUGUCAGCCUGGCAGGGGGUGCUACGCAGGGUCGGGGUACGGGGGACAGGGAGAUUAAAUAGCUUGACCAGACGCUAUAACCUGUACUGCAUCUCCCAGAGCUGUGGGACCUGCAAAUCUGCGCUGGUCAUACAUUU,"[[2, 154], [2, 373], [4, 12], [5, 150], [7, 477], [9, 200], [9, 381], [10, 380], [11, 30], [13, 72], [14, 71], [16, 28], [16, 105], [16, 121], [17, 27], [17, 62], [17, 164], [18, 26], [18, 61], [18, 163], [20, 489], [21, 488], [22, 487], [23, 224], [23, 486], [29, 91], [32, 150], [38, 62], [41, 64], [41, 79], [41, 101], [41, 275], [41, 341], [42, 83], [42, 100], [42, 274], [43, 99], [43, 273], [43, 355], [43, 379], [44, 98], [44, 268], [45, 97], [46, 96], [46, 105], [47, 79], [47, 95], [47, 104], [47, 169], [48, 63], [48, 70], [48, 78], [48, 103], [48, 168], [49, 62], [49, 102], [49, 167], [50, 166], [52, 62], [52, 159], [52, 472], [53, 75], [54, 59], [54, 74], [54, 97], [54, 220], [54, 273], [55, 73], [55, 96], [55, 114], [55, 139], [55, 219], [55, 255], [55, 272], [56, 138], [56, 218], [56, 254], [56, 271], [57, 137], [58, 136], [65, 132], [76, 123], [77, 122], [85, 121], [86, 98], [86, 106], [86, 120], [86, 164], [86, 193], [87, 105], [88, 104], [108, 223], [109, 288], [111, 114], [112, 143], [113, 142], [115, 150], [115, 164], [117, 135], [118, 134], [119, 133], [144, 269], [145, 268], [146, 267], [153, 210], [153, 218], [160, 167], [161, 166], [161, 472], [162, 165], [172, 200], [174, 220], [175, 219], [176, 218], [177, 196], [179, 355], [192, 371], [203, 304], [203, 334], [204, 216], [206, 372], [207, 372], [208, 368], [208, 371], [209, 369], [211, 258], [212, 324], [214, 284], [227, 371], [228, 325], [228, 370], [228, 384], [228, 404], [229, 324], [229, 369], [229, 383], [230, 368], [230, 382], [231, 318], [231, 367], [231, 381], [237, 268], [241, 271], [245, 247], [251, 285], [252, 293], [253, 304], [257, 285], [257, 294], [257, 300], [259, 298], [266, 455], [279, 481], [286, 473], [287, 472], [308, 367], [311, 345], [317, 481], [319, 479], [326, 353], [326, 363], [326, 449], [327, 352], [327, 362], [327, 456], [328, 361], [337, 359], [338, 366], [346, 472], [357, 367], [385, 487], [407, 473], [408, 472], [409, 471], [420, 483], [421, 482], [422, 481], [423, 480], [435, 481], [436, 480], [440, 485], [462, 483], [465, 480]]"
telomerase_AF221937.99-545,GGGUUGAGAAUGGUGGGCCGGGAGGGGAGGUGGGCAUGUUUUGUCUAACCCUAACUAGGAGGAGGACGUAGGCGCCGUGCUUUUGUUCCCCGCGCGCUGUUUUUCUCGCUGACUUUCAGCGUGCGGAAAAGCCUUGGCCUGCCGUCGACCACUGUCUAAUUAAAAGCAAACAAAAAAUGUCAGCGUGGCCGGUCCGCCCCUCCCGGGUACCUGCGGCAGCUCGCCCGGCUGGCCCCCGAGCCCCGCCCAGGGCCACGGCUGGCGCGGGGCUUCUCCGGGAGCGCCAUGGCCGCCGCGAAGAGUUCGUCUCUGUCAGCCGCGGGUCGCGCGGGGGCCGCGGGGGAGUCCUAGGCCGAGUGGCCGCAGGAAGAGAAACGGAGCCUGUCCCUGUGCACGGGGCGCUUCUCUGAGCUGUGGGAAGUGCCCCGAGACUCGGCUCCUACAAGC,"[[1, 426], [12, 76], [26, 440], [27, 87], [27, 88], [28, 87], [28, 438], [30, 152], [32, 134], [32, 150], [33, 133], [33, 149], [33, 440], [34, 132], [47, 56], [50, 59], [51, 58], [53, 56], [65, 87], [67, 306], [69, 94], [71, 76], [80, 137], [81, 136], [82, 181], [90, 267], [92, 415], [103, 121], [107, 121], [109, 119], [111, 117], [111, 217], [111, 314], [112, 180], [113, 131], [114, 130], [116, 410], [141, 217], [142, 192], [142, 216], [145, 192], [147, 157], [147, 427], [188, 233], [188, 317], [188, 335], [189, 192], [189, 232], [189, 323], [190, 191], [193, 280], [193, 323], [194, 267], [194, 279], [197, 264], [199, 267], [201, 330], [202, 207], [202, 279], [202, 341], [203, 267], [203, 278], [204, 277], [205, 256], [205, 407], [206, 406], [213, 415], [214, 319], [221, 267], [223, 253], [223, 263], [224, 262], [228, 317], [230, 315], [231, 314], [235, 332], [236, 267], [236, 331], [237, 330], [238, 329], [240, 270], [241, 269], [241, 436], [242, 268], [242, 323], [243, 267], [244, 266], [244, 416], [245, 265], [246, 264], [248, 267], [255, 313], [257, 318], [257, 413], [258, 317], [259, 316], [259, 323], [260, 315], [260, 322], [261, 314], [274, 342], [299, 408], [301, 406], [302, 405], [304, 312], [304, 409], [321, 407], [343, 386], [349, 390], [353, 436], [362, 392], [363, 391], [363, 415], [364, 390], [365, 389], [367, 406], [371, 406], [372, 405], [377, 408], [378, 407], [379, 406], [380, 405], [381, 436]]"
telomerase_AF221917.99-542,GGGUUGCGGAGGGUGGGCCUGGGAGGGGUGGCGGUCGUUUUAUGUCUAACCCUAACUGAGAAGGGCAUAGGCGCUGCGCUUUUGUUCCCCGCACGCUGUUUUUCUCGCUGACUUUCAGCGGGCGGAAAAGCCUCGGCCUACUGCCAUCCACCAUCCAGUUUGGAGCAAACAAAAAAUGUCAGCCGCCGGCCUGCUCGCCCCUCCCGGGAUCCUGCGGUGGCUCGCCCGCUUAGCCCCCGCGUCCCGCCUGGAGGCCGCGGUCGGCCCGGGGCUUCUCCGGAGGCACCCAUUGCCGUCGCGAAGAGUUGGGCUCUGUCAGCCGCGGGACCUUUGGGGGCCAAGGGCGAGGCUCUGGCCGCAGGGAGAGAAAACGGAGCGGGUCCCCUUGCGCGGUGCGCUUCCCUGAGCUGUGGGACUUGCACCCGGGACUAGGCUCACACACAU,"[[14, 91], [16, 230], [17, 18], [19, 432], [20, 91], [20, 431], [21, 89], [22, 88], [23, 87], [24, 86], [28, 87], [28, 92], [28, 234], [30, 46], [33, 57], [33, 227], [44, 72], [45, 71], [49, 230], [58, 116], [60, 87], [60, 104], [61, 86], [61, 103], [62, 81], [62, 82], [62, 102], [67, 83], [75, 117], [90, 308], [90, 324], [90, 378], [94, 120], [95, 119], [97, 117], [98, 116], [98, 231], [108, 118], [110, 116], [121, 226], [122, 265], [132, 348], [133, 269], [133, 426], [134, 425], [135, 424], [136, 266], [140, 161], [142, 216], [146, 218], [147, 393], [151, 220], [153, 218], [154, 393], [155, 216], [159, 407], [162, 278], [163, 277], [163, 423], [165, 275], [183, 379], [185, 218], [186, 189], [187, 188], [193, 430], [200, 344], [203, 380], [204, 217], [204, 379], [205, 378], [207, 266], [210, 327], [210, 380], [213, 324], [214, 316], [215, 315], [222, 347], [242, 327], [243, 326], [244, 325], [245, 324], [248, 251], [249, 250], [257, 316], [260, 266], [264, 266], [267, 268], [270, 321], [271, 284], [271, 320], [271, 338], [271, 350], [271, 381], [271, 408], [272, 283], [272, 319], [272, 337], [272, 349], [272, 407], [273, 318], [273, 336], [273, 348], [279, 314], [281, 312], [286, 380], [286, 393], [296, 322], [296, 388], [309, 321], [311, 407], [313, 405], [328, 380], [331, 341], [335, 422], [339, 348], [354, 372], [387, 405], [406, 409], [429, 432]]"
telomerase_AF221912.98-564,GGGAGUGGAGGGUGGGCCCGGGACGGGCGCGGACCCGGUAAUCUAACCCUGACUCACAAGAGGCGUAGGCGCCGUGCUUUUGCUCCCCGCGCGCUGUUUUUCUCGCUGACUUUCAGCGUUCGGAAAAGCCCUGUGGCCUAUCGCCAUCCACCAUCCUUUCUGGAACAAACAGACAAAAAAAAAAAUGUCAGCUGCUGGUCCGUUCGCUCCUCCCGGGCCCUGCGGUGGCCGCCAGCCCGCCCUCUCAUCCCCCGCGUCCCGCCUAGAGGCCGCGGUCGGCCCGGGGCUUCUCCGGAGGUGCCCAUUGCCGCCGCGAAGAGUUAGGCUCUGUCAGCCGCGGGCUCUCGGGGGGCCCAGGGCGAGGUUUAGGCCUCGUGGCCGCAGGGACAGCAACGGAGCGGGUCCCCGCGAGCCUGUGCGCGUCCCUGAGCCGUGGGACUUGCACCGGGGACUUUGCUCGGACAAUC,"[[3, 85], [4, 84], [5, 83], [25, 421], [34, 225], [34, 402], [37, 446], [39, 45], [42, 191], [49, 369], [51, 200], [51, 322], [51, 367], [52, 366], [54, 61], [54, 197], [55, 60], [63, 144], [63, 311], [64, 231], [65, 142], [65, 230], [65, 238], [65, 309], [71, 226], [72, 74], [72, 91], [86, 349], [89, 346], [96, 373], [97, 127], [98, 126], [108, 114], [108, 332], [109, 113], [109, 331], [110, 128], [111, 127], [111, 197], [116, 160], [118, 201], [118, 205], [120, 163], [121, 162], [122, 160], [122, 161], [123, 160], [136, 270], [136, 371], [137, 269], [137, 298], [138, 197], [138, 268], [150, 161], [150, 199], [151, 198], [152, 162], [152, 197], [153, 161], [153, 196], [156, 294], [202, 346], [208, 351], [209, 350], [211, 351], [212, 349], [213, 348], [213, 401], [214, 347], [215, 220], [215, 282], [215, 328], [215, 338], [215, 346], [215, 374], [215, 399], [216, 281], [216, 327], [216, 345], [216, 373], [217, 281], [217, 342], [218, 300], [221, 368], [222, 331], [222, 367], [222, 376], [223, 330], [224, 374], [235, 366], [236, 341], [236, 402], [237, 340], [237, 401], [239, 346], [240, 351], [241, 269], [241, 350], [241, 351], [241, 364], [241, 386], [242, 350], [242, 363], [242, 400], [243, 349], [244, 398], [245, 397], [246, 396], [249, 349], [249, 351], [251, 349], [253, 347], [254, 338], [254, 346], [254, 367], [254, 434], [255, 272], [256, 271], [257, 387], [259, 401], [267, 327], [274, 415], [275, 281], [275, 331], [276, 330], [277, 381], [278, 366], [278, 380], [279, 281], [283, 328], [283, 346], [283, 374], [284, 337], [284, 345], [284, 373], [284, 406], [284, 425], [284, 426], [285, 336], [285, 354], [285, 372], [285, 432], [286, 326], [286, 335], [286, 353], [286, 371], [286, 431], [287, 325], [287, 334], [287, 352], [287, 370], [288, 333], [288, 351], [288, 377], [289, 387], [291, 397], [295, 328], [296, 327], [316, 373], [316, 454], [317, 329], [317, 455], [318, 328], [318, 454], [319, 373], [324, 366], [344, 410], [355, 416], [359, 376], [361, 374], [362, 373], [375, 409], [390, 414], [412, 457], [417, 444], [418, 443]]"
telomerase_AF221916.94-481,GUCUAACCCUAUUGUUAUAGCUGUGGGUUCUGUUCUUUUGUUCUCCGCCCGCUGUUUUUCUCGCUGACUUUCAGCGGGCCUGGAAAGUUCAGACCUGCAGCGGGUCACCGCGCAUUCUGGAACCUCAAAAAAUGUCAGCGUAGGAGCUCUGGUGCCAGAGCUCCGCGGCGCUGGGCCGCCCAGCCCGGUACCCGCCUGGAGGCCGCGGACGGCCUGGGGUCUUAGAACUCCGCUGCCGCCGUGAAGAGCUAGUCUCUGUUAGCUACGGGGCACCGGGCGCUGGGGUCAGGCCGGGAGAGCGCCGCAAGGACAGUAACGGAACUGGUCCCUGAGUUCGGUGGCUUUCCUGAGAUGUGGGAAGUGCACCUGGAACUCAGUUCCUACAACC,"[[5, 16], [5, 29], [6, 15], [6, 28], [7, 14], [7, 27], [7, 40], [8, 26], [9, 25], [17, 18], [19, 22], [30, 76], [41, 112], [42, 103], [43, 76], [49, 103], [50, 76], [50, 102], [51, 101], [56, 103], [57, 102], [60, 78], [60, 104], [61, 77], [61, 103], [62, 76], [62, 102], [63, 75], [63, 101], [64, 74], [64, 100], [65, 107], [66, 106], [67, 105], [69, 86], [92, 106], [96, 102], [108, 268], [110, 113], [115, 352], [116, 131], [120, 155], [120, 380], [121, 229], [121, 379], [122, 378], [123, 377], [138, 233], [139, 232], [140, 237], [144, 149], [144, 230], [145, 148], [145, 162], [145, 229], [146, 147], [146, 161], [146, 228], [150, 157], [151, 156], [151, 375], [152, 155], [152, 374], [153, 154], [163, 268], [175, 185], [178, 210], [180, 199], [181, 198], [181, 282], [183, 210], [183, 214], [183, 271], [183, 280], [186, 267], [186, 268], [186, 275], [187, 274], [187, 292], [192, 268], [195, 269], [196, 225], [196, 268], [197, 198], [204, 207], [205, 206], [212, 311], [213, 268], [216, 223], [218, 346], [231, 267], [246, 256], [247, 255], [247, 264], [247, 335], [248, 263], [249, 325], [251, 260], [252, 311], [253, 310], [254, 309], [261, 264], [262, 263], [321, 378], [322, 377], [324, 375], [329, 338], [330, 337], [331, 336], [332, 335], [332, 374], [333, 366], [334, 365], [357, 381], [361, 366], [362, 365], [363, 364]]"
telomerase_AF221914.112-589,GUCCAGCUGCGGGGGAGACAGUGUCGCUCUCUAACCCUAAUGUGGGGGCAACGCGGGCCCUUUGUUUAAAGUCCCGCUGUCGGGAGCCCUCGCUGUUUUCUUGGCUAACUUUCAGCGAUGGCGAAAGGGCCCAGCAAAGGUUGGGAAGCGUGAUUUAUUGUUGGUGGGCAGAGAGAAAAAAGUUUAAGCCGCGGCCUCCUCCCCGGCGGCCCAGGACCCCCUGUUGCAACGUGCGGAAUGGCGGCCUCGGCCCCCCUGCUGCACGCCCAGCCGUUUAGGCCGCGGUCAGCGCCGGUUUCCACGCCAGUGUGGGGCUUGAUGCUGUCGCGAAGAGUUCGUCUCUGUUAGCCUGGCAGGGUGUGCUACGCAGGGUCGGGGUGCGGAGGGCAGGGAGAUUAAAUAGCUUGACCAGACGCUAUGGCCUGUACUGCAUUUCCCAGAGCUGUGGGACCUGCAAAUCUGCGCUGGUCAUACAUUU,"[[2, 238], [4, 12], [7, 464], [9, 368], [15, 27], [15, 31], [15, 72], [15, 113], [16, 30], [17, 25], [17, 27], [17, 326], [17, 340], [17, 470], [18, 24], [18, 80], [18, 325], [19, 23], [19, 64], [19, 160], [20, 477], [21, 54], [21, 93], [21, 476], [22, 53], [22, 464], [22, 475], [28, 163], [29, 84], [33, 142], [38, 238], [42, 158], [43, 157], [45, 75], [46, 74], [47, 190], [48, 65], [48, 72], [48, 80], [48, 87], [48, 113], [48, 158], [48, 161], [48, 189], [49, 64], [49, 79], [49, 86], [49, 160], [49, 188], [49, 223], [50, 63], [50, 94], [50, 159], [51, 161], [52, 160], [55, 89], [55, 132], [56, 74], [56, 131], [56, 211], [57, 130], [57, 210], [57, 246], [58, 129], [59, 128], [60, 127], [60, 356], [62, 124], [67, 157], [67, 186], [68, 156], [68, 159], [68, 185], [69, 184], [78, 114], [78, 288], [88, 386], [91, 383], [92, 349], [95, 239], [96, 238], [97, 237], [98, 238], [99, 237], [100, 236], [101, 229], [105, 348], [106, 347], [107, 156], [107, 346], [108, 345], [109, 240], [110, 126], [110, 238], [111, 125], [111, 146], [111, 229], [111, 237], [111, 238], [112, 237], [115, 158], [115, 161], [115, 368], [116, 160], [116, 367], [117, 366], [121, 368], [122, 188], [122, 265], [123, 156], [123, 159], [123, 264], [134, 158], [134, 161], [135, 163], [136, 156], [136, 159], [136, 162], [136, 185], [137, 156], [137, 161], [144, 437], [150, 158], [151, 160], [151, 186], [152, 156], [152, 159], [152, 185], [152, 190], [152, 326], [153, 155], [153, 158], [153, 189], [153, 325], [153, 459], [154, 157], [165, 213], [165, 258], [165, 261], [166, 212], [167, 211], [168, 210], [170, 343], [171, 342], [194, 373], [195, 244], [195, 321], [198, 241], [199, 382], [200, 277], [201, 311], [202, 377], [203, 376], [204, 311], [204, 375], [205, 374], [206, 373], [219, 358], [220, 312], [220, 391], [221, 311], [224, 464], [232, 263], [233, 262], [242, 327], [243, 272], [243, 326], [251, 270], [251, 285], [255, 468], [256, 311], [267, 284], [273, 283], [292, 295], [298, 329], [304, 353], [304, 468], [305, 352], [305, 467], [306, 323], [306, 351], [306, 466], [307, 350], [307, 465], [308, 464], [313, 340], [313, 350], [314, 339], [314, 349], [314, 363], [314, 435], [314, 443], [315, 348], [315, 442], [316, 347], [322, 348], [322, 468], [324, 346], [328, 338], [328, 348], [330, 435], [333, 459], [334, 340], [334, 363], [344, 354], [369, 461], [371, 459], [389, 461], [390, 460], [392, 436], [393, 435], [393, 459], [394, 434], [394, 460], [395, 433], [395, 459], [396, 432], [396, 458], [397, 457], [407, 470], [408, 469], [409, 468], [410, 462], [410, 467], [412, 465], [413, 459], [419, 471], [420, 470], [421, 469], [422, 464], [422, 468], [423, 467], [427, 472], [449, 470]]"
telomerase_AF221930.94-546,GGCCGGCGUGCCUGGGAGGGGGGGCUGGUCCCACUCUUCUAACCCUAAGGGUGUCGGCUGUAGGCGCCGUGCUUUUUACUUCCCCGCGCGCUGUUUUUCUGGCUGGCUUUCAGCGAGCGGAAAAAGCUUUGGUCUACAGGCCACUCACUUUGUAUCCCGAAACCAAAUUGAAAAAAAAAAAUGCCAGCUCCGGCCGGUCCACCCCUCCCGGGGUCCUGCGGCCCGGCCGCCCGCCCGAACCCCCCGCGACCCGCCUGAGGCCACGGCCGGCCCGGGGCCUCUGCGGAGGUGCCCAUUGCCGCCGCGAAGAGUUAGGCUCUGUCAGCCGCGGGAUCCGCGCGGGCCGGGCCGCGGCCGGACGCCGAUCCGCAGGGACAGCAACGGAACCGGCCCCUUCGCCCUGUGCGCUUCCCGGAGCUGUGGGAUGAGCACCCGGGGUCGGCUCCUACAGUU,"[[2, 439], [3, 57], [3, 442], [16, 98], [19, 32], [20, 32], [22, 31], [23, 68], [23, 128], [23, 142], [24, 67], [24, 114], [24, 326], [24, 399], [24, 452], [25, 187], [25, 398], [26, 112], [26, 201], [27, 32], [33, 104], [34, 132], [35, 50], [35, 131], [43, 51], [45, 49], [46, 78], [47, 75], [47, 77], [47, 129], [47, 130], [47, 151], [54, 116], [54, 442], [55, 69], [55, 435], [56, 68], [56, 224], [56, 440], [58, 113], [58, 139], [58, 451], [59, 112], [59, 138], [59, 324], [60, 111], [60, 323], [60, 449], [61, 448], [62, 135], [62, 447], [71, 217], [72, 152], [91, 378], [101, 223], [101, 323], [105, 200], [105, 323], [106, 141], [106, 199], [124, 150], [125, 128], [125, 149], [126, 148], [136, 153], [137, 152], [184, 438], [190, 436], [191, 196], [191, 435], [192, 195], [192, 223], [192, 224], [193, 194], [193, 267], [203, 213], [204, 435], [204, 436], [205, 435], [208, 266], [208, 436], [209, 435], [210, 264], [211, 412], [211, 433], [212, 432], [218, 322], [218, 370], [218, 421], [221, 299], [221, 367], [225, 345], [227, 325], [238, 322], [249, 322], [252, 372], [253, 261], [254, 260], [255, 259], [255, 315], [256, 258], [263, 322], [269, 356], [270, 272], [273, 414], [274, 281], [274, 340], [274, 413], [275, 319], [276, 318], [276, 327], [276, 432], [277, 279], [277, 317], [277, 392], [278, 316], [283, 322], [284, 321], [285, 320], [285, 446], [286, 319], [286, 367], [287, 410], [289, 408], [301, 406], [302, 328], [302, 403], [304, 399], [305, 398], [309, 319], [311, 317], [312, 316], [346, 352], [360, 407], [361, 443], [362, 442], [371, 402], [387, 442], [388, 435], [388, 441], [389, 440], [404, 448], [427, 445], [434, 435]]"
telomerase_AF221939.99-544,GGGUUGUGGAGGGUGGGCCUGGGAGGGGAAGCGGUCAGUUUUUGUCUAACCCUAACUGAGAAGGGCGUAGGCGCCGCGCUUUUGUUUCCCGCACGCUGUUUUUUUCGCUGACUUUCAGCGGGCGGAAAAGCCUCGGCCUACCGCCGUCCACCGUACAGUUUGGAGCAAACAAAAAAUGUCAGCUGCUGACUUGCUCGCCCCUCCCAGGACCCUGCGGUGGCUCGCCUCCUUAGCCCCCGCGUCCCGCCUAGAGGCCGCGGUCGGCCCGGGGCUUCUCCGGAGGCACCCAUUGCCGUCGCGAAGAGUUGGGCUCUGUCAGCCGCGGGUCCCUUGGGGGGGCCGAGGGCGAGGCUCUGACCGCAGGGAGAGAAACGGGAGCAGGUCCCCGCGCGCGGUGCGCUUCCCUGAGCUGUGGGACUUGCACCCGGGACUGGGCUCAGACACAU,"[[13, 446], [15, 149], [16, 148], [17, 131], [17, 255], [18, 254], [20, 91], [21, 90], [21, 205], [21, 249], [22, 88], [22, 204], [22, 248], [23, 87], [23, 88], [23, 203], [24, 87], [27, 106], [28, 88], [28, 234], [29, 87], [30, 86], [31, 77], [31, 85], [31, 99], [32, 84], [33, 57], [33, 83], [33, 94], [33, 97], [33, 359], [34, 50], [34, 112], [34, 358], [35, 357], [36, 110], [36, 356], [46, 440], [52, 63], [58, 116], [60, 88], [61, 87], [62, 86], [65, 198], [66, 71], [66, 143], [66, 197], [67, 77], [67, 106], [67, 196], [68, 76], [74, 217], [75, 216], [79, 220], [96, 118], [108, 118], [111, 115], [124, 226], [133, 434], [134, 268], [134, 433], [136, 255], [136, 266], [139, 433], [141, 217], [142, 216], [150, 261], [151, 217], [152, 216], [158, 190], [159, 189], [162, 229], [163, 277], [165, 194], [166, 193], [167, 192], [179, 217], [180, 216], [185, 231], [188, 231], [201, 324], [214, 249], [214, 323], [214, 361], [224, 256], [224, 321], [238, 324], [239, 323], [240, 322], [240, 392], [241, 359], [257, 316], [258, 315], [259, 359], [260, 266], [260, 358], [262, 356], [263, 267], [264, 266], [269, 329], [269, 386], [270, 321], [270, 328], [270, 411], [271, 284], [271, 320], [271, 327], [271, 352], [271, 410], [272, 283], [272, 319], [272, 351], [273, 318], [273, 350], [279, 314], [281, 312], [286, 395], [298, 299], [309, 321], [325, 359], [326, 358], [330, 350], [330, 409], [331, 349], [332, 348], [333, 406], [334, 405], [382, 418]]"
telomerase_AY312571.605-1069,ACGCGUGGCGGGUGGAAGGCUCCGCUGUGCCUAACCCUAAUCGGGGGAAUUGAUGGUGCUGUCGCCGCGCUCCCUCCGCCCGCCCGCUGUUUUACUCGCUGACUUUCAGCGGGCGAGAGGAGCCGCCCCGGGGGGGAGGCGGGCGGCGGGAGGGGGCCGGGGCGCCGCGGCGGUGGGGGUCGGGGGGGGGAGAGAAAGGGCCGAAAGGGGCUCCGCGGCCAAAAAAACGUCAGCGAGGGGUCCGCUCGCCCCGAUCCGCCCUGGGGUCCCCGCUCGCGUGGCCGCGGUCGGCCGGCACCCGCCAUUGCCGCCGCGAAGAGUUCGCCUCUGUCAGCCUCGGCGGCGCGCGGGAGGUGCGGCGCGCGGCCCCGCGCCCCCAGCAGAGCAAACGGGAGCGGCGCCCCCGGGGUAACCCCCGCGCUCCCCUGCGCCGUGGGGCGCGCGGACGGCGUCGCUCCCACACGC,"[[1, 32], [2, 5], [3, 4], [3, 30], [3, 465], [6, 462], [7, 459], [7, 461], [8, 30], [13, 29], [14, 28], [14, 31], [14, 63], [16, 22], [17, 21], [17, 32], [18, 20], [18, 31], [19, 30], [35, 45], [36, 44], [37, 43], [37, 46], [37, 207], [37, 237], [61, 332], [70, 240], [71, 239], [71, 353], [72, 238], [72, 351], [72, 438], [73, 437], [74, 436], [75, 435], [76, 445], [83, 113], [84, 112], [85, 111], [86, 110], [87, 109], [88, 108], [89, 107], [97, 111], [98, 110], [99, 109], [100, 108], [101, 107], [101, 231], [101, 332], [102, 106], [102, 230], [102, 331], [103, 229], [114, 248], [115, 247], [119, 326], [120, 123], [120, 325], [121, 274], [127, 408], [128, 407], [129, 130], [129, 131], [129, 132], [129, 263], [129, 406], [133, 414], [138, 326], [140, 301], [142, 299], [144, 258], [147, 258], [148, 257], [148, 300], [156, 335], [160, 261], [170, 259], [173, 256], [178, 368], [179, 298], [179, 367], [180, 297], [180, 366], [181, 217], [181, 258], [182, 338], [182, 417], [183, 416], [187, 414], [188, 414], [208, 251], [208, 261], [208, 327], [208, 369], [208, 376], [208, 415], [209, 250], [209, 326], [209, 336], [209, 368], [209, 375], [209, 414], [210, 249], [210, 325], [210, 335], [210, 413], [211, 248], [211, 334], [211, 366], [211, 420], [212, 365], [212, 446], [213, 445], [214, 444], [215, 443], [216, 433], [218, 219], [220, 365], [228, 448], [232, 329], [233, 249], [234, 248], [235, 247], [236, 246], [242, 445], [243, 444], [244, 348], [253, 434], [254, 267], [264, 269], [266, 267], [271, 349], [272, 277], [272, 348], [272, 390], [272, 434], [272, 441], [278, 285], [278, 344], [279, 448], [280, 283], [280, 336], [281, 282], [284, 285], [288, 295], [289, 294], [290, 293], [291, 292], [302, 340], [302, 343], [302, 347], [302, 445], [303, 339], [307, 450], [309, 345], [310, 341], [310, 344], [310, 357], [311, 343], [311, 347], [311, 350], [311, 398], [311, 445], [312, 339], [312, 342], [312, 349], [312, 444], [313, 325], [313, 338], [313, 443], [314, 324], [314, 347], [314, 442], [315, 323], [315, 344], [316, 322], [318, 328], [319, 327], [320, 326], [321, 420], [330, 332], [363, 434], [364, 433], [370, 435], [370, 444], [371, 441], [371, 443], [372, 440], [372, 442], [373, 439], [373, 441], [374, 438], [374, 440], [377, 435], [377, 436], [378, 435], [379, 434], [380, 429], [392, 424], [393, 423], [393, 457], [394, 422], [394, 456], [395, 421], [395, 455], [396, 420], [396, 433], [396, 454], [397, 432], [397, 453], [399, 430], [399, 451], [400, 429], [400, 450], [401, 409], [402, 408], [403, 436], [404, 435], [425, 436], [426, 435], [427, 435]]"
telomerase_AF221926.103-507,ACAGUGGGAAUAGGAGGGAGUCUAUAUUUCUAACCCUAAUAUACCCGGUUCAGGGCUCUUAUGUGGCGCUCGUUGUUUUGCCGGUUGCCUUUCAGCGGGCGAAAGAGCUCAGAGAAGCGAGGACCAAAAAACGGCAGCCGCGGGCCCUCCUGUUCCCACCAUCCCAGCUUUUCCACACUGCGCCUGGGUUCUCACUCAAGUGUUCGGCAGCUUCCACUUACGAGGCCGCGGUCUACCGCUGUCACUGGUAGUCGCGAAGAGUUCGUCUCUGUCAGCCUUGGGAGCCGCGGACGGAGUAUGAGGUCCAGUAAUGAGAGCAGGGAAGAGUAAAGCGAGCCGCGCUACUUGUCCUAUCUGCCGCUCCUAAGCUGUGGGGCGUGUAGGGUACACAAGGCUCCGACAUUC,"[[2, 385], [6, 157], [7, 30], [7, 156], [7, 173], [7, 174], [8, 29], [8, 155], [8, 173], [9, 28], [9, 154], [10, 153], [10, 171], [11, 48], [11, 152], [12, 31], [12, 151], [13, 30], [13, 150], [13, 398], [14, 29], [14, 149], [14, 363], [14, 397], [15, 148], [15, 396], [16, 147], [16, 361], [16, 395], [17, 398], [18, 29], [18, 347], [18, 397], [18, 405], [19, 70], [19, 346], [19, 396], [20, 22], [20, 56], [20, 69], [20, 345], [20, 395], [20, 401], [21, 33], [21, 48], [21, 68], [21, 394], [21, 400], [26, 64], [34, 385], [35, 384], [35, 394], [36, 383], [36, 393], [37, 382], [38, 381], [44, 385], [45, 48], [46, 47], [57, 106], [58, 105], [67, 68], [71, 105], [73, 95], [84, 92], [88, 385], [88, 394], [89, 206], [89, 393], [90, 392], [96, 238], [112, 173], [112, 355], [113, 172], [113, 354], [114, 171], [114, 173], [115, 170], [116, 169], [117, 211], [118, 210], [118, 348], [119, 149], [122, 350], [123, 349], [124, 303], [124, 348], [133, 359], [134, 358], [139, 142], [139, 230], [139, 289], [141, 287], [143, 146], [144, 145], [158, 372], [164, 187], [164, 248], [165, 371], [167, 285], [167, 369], [168, 368], [186, 306], [189, 303], [192, 314], [193, 313], [198, 299], [202, 215], [212, 283], [213, 282], [222, 269], [223, 268], [223, 346], [225, 232], [226, 231], [241, 249], [244, 252], [247, 273], [251, 342], [254, 255], [259, 347], [260, 268], [260, 346], [261, 267], [261, 345], [262, 344], [276, 303], [277, 302], [279, 366], [280, 365], [281, 364], [286, 289], [290, 337], [290, 355], [291, 396], [292, 399], [293, 398], [294, 346], [294, 355], [294, 369], [294, 397], [295, 354], [295, 396], [296, 395], [300, 397], [315, 363], [315, 397], [316, 396], [317, 361], [320, 355], [326, 346], [327, 345], [328, 344], [329, 343], [333, 348], [351, 383], [379, 389], [380, 388]]"
telomerase_AF221940.103-499,CCAGCGGUAAUAGGAGAGUUCUAUCCUUCUAACCCUAAUGCACAGACCCCUCGCUGCUCUUCAUGCUCGUUGUUUUUCUCGCUGACUUUCAGCGGGCGAAAGAGCAAUGGAAGCUCAGGACUAAAAAACGUCAGCCGUAGGCUUUCCUAUAGCCGCAGGCCUGCCUGUCAGUGUGCGCGGCCUCUGCUCGCAAUGUCCGCAGCGCCUUCCUAUGAGGCCGCAGUCUGCCAAUACCCCGGGCAGCCGCGAAGAGCUCGUCUCUGUCAGCCUUUGGCGCUGCGGCGGAGUGGGGGAGGCCGCUGAUGGCAGCUGAGAAUAAAGCGAGCCCAGCUGCCCCGCUCUGUUCCACUGCCCCUGAGCUGUGGGGUUGGUGAAUUGCAGCAUGGCUCCGACAACU,"[[2, 6], [4, 54], [5, 330], [12, 27], [13, 26], [15, 60], [16, 21], [16, 26], [16, 59], [16, 75], [17, 58], [18, 26], [18, 57], [18, 387], [20, 31], [28, 46], [28, 111], [44, 361], [49, 365], [49, 366], [50, 364], [52, 94], [53, 135], [53, 356], [53, 382], [55, 308], [56, 307], [56, 379], [61, 215], [62, 214], [63, 213], [65, 382], [66, 325], [66, 359], [67, 324], [68, 323], [82, 92], [84, 90], [84, 132], [84, 265], [85, 264], [98, 146], [104, 387], [105, 113], [110, 145], [114, 359], [115, 358], [116, 357], [117, 148], [117, 356], [119, 197], [119, 335], [119, 354], [130, 393], [134, 283], [137, 150], [138, 149], [139, 148], [139, 211], [140, 154], [140, 219], [140, 245], [140, 298], [141, 153], [142, 152], [143, 151], [143, 242], [143, 324], [155, 272], [155, 280], [157, 166], [157, 270], [158, 219], [159, 160], [159, 182], [159, 218], [163, 218], [163, 275], [164, 217], [175, 382], [176, 248], [177, 247], [178, 246], [179, 245], [180, 244], [184, 202], [184, 357], [185, 201], [185, 383], [186, 191], [186, 200], [186, 241], [186, 254], [186, 307], [186, 382], [187, 190], [187, 253], [187, 359], [188, 215], [188, 252], [189, 251], [189, 323], [204, 275], [239, 336], [240, 335], [255, 324], [256, 323], [257, 311], [263, 307], [268, 274], [284, 390], [309, 331], [337, 364], [338, 363], [362, 379], [367, 396]]"
telomerase_AF221909.98-496,GACGCGCGCCUCUUCUAACCCUAAAAACUGGAGCUGUAGGUGUUGCUCUUUCAGCGUCGCCCGCUGUUUUUCUCGCUGGCUUUCAGCGGGCCAGAAAGUUCAGACCUCUCAGCAGAUCGUCGCGUCGUUCUCAACCACAAAAAAUGCCAGCGCAAAGCGCGUCAGCCUAGAACCUUGCGGCCCCGGGCCGCCCAGCCCCGCACCCGCCUUGAGGCCGCGGUUGGCCUGGAGUUCUCCGGACUCCGCUGCCGCCGCGAAGAGUUCGUCUCUGUCAGCCGCGGAGUAUCAGGGGCUGGGGCCAGGCCCGGACAGCGUCGCAAGUACAGUAACGGAGCUGGUCCUUGUUCGGUGGCUUCCCUGAGCUGUAGGAAGUACACCCAGAGCUCGGCUCCUACAACC,"[[1, 58], [2, 11], [2, 57], [3, 56], [4, 7], [4, 9], [4, 57], [5, 8], [6, 7], [10, 56], [10, 88], [10, 383], [15, 31], [24, 71], [24, 83], [30, 392], [33, 46], [33, 389], [34, 45], [34, 388], [36, 52], [36, 395], [38, 393], [54, 76], [60, 90], [61, 89], [62, 88], [63, 87], [65, 311], [72, 161], [73, 89], [73, 111], [74, 88], [84, 365], [85, 364], [86, 363], [103, 129], [103, 358], [104, 128], [105, 127], [105, 338], [109, 369], [110, 337], [116, 346], [117, 338], [119, 208], [121, 348], [126, 348], [133, 346], [134, 350], [135, 349], [136, 348], [137, 336], [147, 338], [148, 337], [151, 245], [155, 342], [158, 256], [159, 160], [162, 361], [165, 167], [177, 191], [180, 188], [184, 190], [184, 200], [184, 307], [187, 197], [187, 208], [187, 221], [187, 304], [192, 296], [193, 295], [193, 337], [194, 294], [194, 336], [195, 221], [195, 293], [196, 220], [196, 292], [196, 298], [198, 296], [199, 289], [206, 221], [213, 354], [217, 218], [224, 276], [225, 303], [225, 338], [226, 302], [228, 237], [228, 244], [229, 236], [229, 243], [229, 268], [230, 235], [230, 242], [231, 241], [232, 240], [234, 283], [238, 294], [239, 293], [255, 278], [261, 267], [261, 341], [272, 309], [272, 338], [285, 322], [310, 344], [310, 365], [312, 342], [312, 363], [326, 330], [331, 392], [332, 386], [333, 346], [333, 385], [333, 390], [334, 389], [335, 344], [335, 383], [335, 388], [339, 370]]"
telomerase_AF221925.98-540,GGGUGGGGGAGAGUGGGUCUGGGCGGGGCGGCGGUCACGUUUUGUCUAACCCUAACUGAGCUGGGCGGAGGCGCCGCGCUUUUGCUCCCCGCGCGCUGUUUUUCUCGCUGACUUUCAGCGGGCGGAAAAGCCUCGGUCUACCGCCACUUACCAUCCAGUCUGGAGUAAACAAAAAAUGUCAGCCGCUGGCUCGCUCGCCCCUCCCGGGACCCUGCGACGGCUCGCCCGCCCAGCCCCCGCGCCCCGCCUGGAGGCCGCGGUCGGCCCGGGGCUUCUCCGGAGGCGCCCAAUGCCGCCGCGAAGAGUUGGGCUCUGUCAGCCGCGGGUGCCUCGGGGGCCAGGGACGAGGCUCUGGCCGCAGGGAGAGGAACGGAGCGGGUCCCCGCGCGCGGUGCGCUUCCCUGAGCUGUGGGACGUGCACCCGGGACUCGGCUCAAACACGU,"[[9, 87], [11, 87], [12, 78], [12, 195], [13, 77], [13, 85], [13, 92], [13, 94], [13, 147], [13, 194], [14, 76], [14, 93], [14, 146], [17, 421], [28, 186], [29, 185], [31, 183], [36, 315], [36, 411], [37, 40], [37, 45], [37, 47], [37, 57], [37, 443], [59, 86], [60, 85], [61, 84], [67, 314], [68, 313], [69, 312], [91, 307], [91, 323], [110, 116], [110, 160], [110, 180], [110, 317], [111, 115], [111, 159], [111, 316], [112, 158], [117, 187], [118, 186], [118, 194], [121, 226], [124, 142], [125, 141], [132, 348], [132, 406], [132, 426], [133, 412], [133, 425], [134, 424], [135, 423], [136, 422], [136, 429], [137, 315], [143, 190], [144, 189], [145, 188], [145, 216], [149, 180], [150, 179], [150, 316], [154, 164], [154, 392], [155, 391], [156, 162], [157, 161], [163, 277], [163, 423], [163, 430], [165, 275], [182, 190], [184, 188], [184, 219], [184, 442], [198, 337], [199, 336], [199, 413], [200, 335], [200, 349], [202, 209], [202, 336], [203, 208], [203, 335], [203, 411], [204, 207], [205, 206], [214, 225], [214, 316], [214, 323], [214, 410], [214, 439], [215, 224], [217, 222], [217, 316], [217, 443], [218, 319], [218, 442], [220, 317], [220, 407], [221, 241], [221, 300], [221, 406], [230, 315], [231, 335], [231, 409], [232, 312], [232, 408], [233, 338], [234, 337], [235, 336], [236, 335], [237, 334], [238, 333], [239, 323], [242, 337], [249, 250], [252, 276], [257, 316], [258, 315], [259, 314], [260, 316], [261, 315], [264, 266], [265, 379], [268, 332], [269, 276], [269, 331], [269, 422], [270, 321], [270, 408], [270, 421], [271, 320], [271, 350], [271, 407], [272, 319], [272, 349], [272, 406], [273, 318], [273, 336], [273, 348], [274, 364], [279, 314], [281, 312], [311, 319], [311, 406], [322, 323], [325, 422], [326, 421], [327, 420], [328, 419], [328, 439], [329, 337], [330, 348], [344, 443], [414, 443], [418, 439]]"
telomerase_AF221934.121-565,UCUCUCCGGAGAGGGGCGGUUUCUCUGUCUUCUAACCCUAAUGCGGUGCUUCGGCAGAAGCUCUCCACUGCGUACGCUCACUGUUUUUCUAGCUAACUUUCAGUGAGCAGGGAGAGCGAAGUCCAGUUUCACGACAACGGAGAAAAAAUGUUAGCUGGGGAACGUCCCUUUCCCGAGAGCCCGCGCCGUCCUUUUUCUUCCUCGGGCCCGUUGGCAUAGCCCCUGGCCUCCUCGCUCUAUAGGCCGCGGUCAGCUCGGGCCCCAGCUCCGGCAGGGGUUCCACUGCUGCCGCGAAGAGUUCGCCUCUGUCAGCCUUGAGGUGGCCGGGAUAGAAUAGGCGGGCUCGCGGCAGCGCGCGGGAAAGAGCAAAUGGUGAACUGGGUGCCUGUUGGGGUCGCGUCCCUGAAGAGUGGGAAGUGCGAUCUGUGUUCCUGUUCAGACACAC,"[[3, 160], [4, 114], [9, 25], [10, 64], [12, 24], [12, 64], [13, 23], [13, 168], [14, 22], [14, 24], [14, 30], [14, 167], [14, 182], [14, 222], [14, 305], [14, 402], [15, 21], [15, 29], [15, 166], [15, 190], [15, 221], [15, 304], [15, 401], [16, 28], [16, 165], [16, 189], [16, 211], [16, 220], [16, 289], [16, 303], [16, 309], [17, 27], [17, 121], [17, 164], [17, 188], [18, 182], [18, 187], [18, 209], [18, 287], [18, 396], [19, 181], [19, 186], [19, 208], [19, 244], [19, 395], [20, 394], [35, 151], [38, 242], [38, 392], [40, 240], [40, 335], [41, 151], [47, 72], [48, 61], [48, 244], [49, 60], [49, 214], [49, 243], [50, 53], [51, 58], [57, 130], [77, 107], [78, 106], [79, 105], [80, 104], [81, 103], [82, 102], [91, 152], [91, 156], [92, 155], [93, 154], [94, 153], [95, 152], [96, 151], [97, 150], [98, 125], [99, 162], [99, 296], [118, 200], [119, 129], [123, 158], [124, 157], [126, 163], [126, 378], [127, 162], [128, 161], [134, 435], [135, 428], [136, 425], [136, 433], [137, 189], [139, 187], [140, 186], [169, 241], [169, 391], [191, 219], [191, 242], [192, 241], [194, 363], [196, 361], [196, 409], [203, 246], [203, 346], [204, 345], [205, 222], [205, 245], [205, 251], [205, 255], [205, 261], [205, 344], [206, 343], [207, 342], [225, 245], [225, 251], [226, 244], [226, 250], [226, 262], [227, 243], [227, 249], [228, 242], [256, 257], [258, 305], [258, 344], [259, 343], [260, 342], [265, 278], [266, 277], [273, 307], [274, 306], [281, 412], [285, 350], [288, 310], [288, 350], [290, 348], [291, 347], [292, 302], [292, 312], [294, 300], [298, 343], [299, 342], [308, 310], [308, 350], [315, 318], [316, 317], [323, 350]]"
telomerase_AF147806.247-692,ACACGUGGCGGGUGGAAGGCUCCGCUGUGUCUAACCCUAAUCGGAGGUAUUGAUGGUACUGUCGCCGCGCUCCCUCCGCCCGCUGUUUACUCGCUGACUUUCAGCGGGCUAGGGGAGCCGCCCCAGGGGGCGCCGCGGGGGGGAGGGGGUGGGGCGGACGCGGGAGAAAGGACCGAAAGGGGCUCCACGGCAAACAAAAAAAAAAAAACGUCAGCGAGGGGUCCUCUCGCCCCCAUCCGCCCUGGGGUCCUCGCCCGCAGGCCGCGGUCGGCCGGCACCCGCCAUUGCCGCCGCGAAGAGUUCGCCUCUGUCAGCCUCGGCGGGGCCCGGGAGAUGCGGAGCGCGGCCCCGCGCCCCCAGCAGAGCAACACGGGAGCGGCGCCCCCGGGGCAACCCCCGCGCCCCCCUGCGCCGUGGGGCGCGCGGACGGCGUCGCUCCCACACGC,"[[1, 30], [2, 27], [2, 29], [3, 6], [3, 26], [3, 28], [3, 32], [5, 444], [7, 26], [8, 25], [8, 65], [8, 240], [12, 236], [13, 229], [14, 23], [14, 31], [15, 22], [15, 62], [15, 185], [16, 30], [17, 32], [18, 31], [18, 63], [19, 30], [19, 62], [19, 70], [19, 288], [35, 221], [36, 43], [36, 47], [36, 220], [36, 339], [37, 46], [37, 179], [37, 218], [38, 332], [44, 76], [44, 308], [44, 318], [45, 307], [72, 221], [72, 419], [75, 158], [75, 217], [79, 108], [80, 107], [81, 106], [82, 105], [83, 104], [84, 103], [91, 107], [92, 106], [92, 216], [93, 105], [93, 215], [94, 104], [94, 214], [95, 103], [95, 213], [96, 102], [96, 212], [96, 249], [96, 312], [97, 101], [97, 211], [97, 311], [98, 210], [99, 220], [99, 299], [99, 313], [100, 298], [100, 312], [109, 401], [115, 237], [117, 436], [124, 126], [129, 241], [129, 283], [129, 316], [130, 240], [130, 315], [130, 394], [130, 395], [139, 398], [141, 395], [143, 262], [143, 308], [143, 397], [145, 398], [147, 395], [147, 396], [149, 285], [149, 394], [151, 234], [151, 440], [155, 239], [162, 398], [166, 395], [166, 436], [167, 227], [168, 226], [169, 225], [170, 224], [171, 223], [171, 249], [172, 222], [172, 248], [173, 190], [173, 221], [173, 247], [174, 189], [174, 220], [180, 307], [180, 317], [181, 231], [181, 306], [181, 316], [182, 305], [182, 315], [182, 394], [183, 304], [183, 314], [184, 260], [188, 414], [219, 225], [233, 245], [235, 415], [244, 312], [264, 265], [268, 275], [269, 414], [270, 273], [270, 328], [270, 413], [271, 272], [274, 312], [276, 432], [278, 324], [279, 323], [280, 322], [281, 321], [282, 320], [290, 380], [291, 346], [291, 379], [291, 426], [292, 345], [292, 378], [292, 425], [293, 305], [293, 315], [293, 344], [294, 304], [294, 314], [294, 343], [295, 303], [295, 342], [296, 302], [296, 433], [300, 306], [310, 312], [319, 398], [319, 413], [347, 390], [350, 387], [351, 424], [352, 423], [353, 420], [354, 419], [355, 390], [355, 418], [356, 388], [356, 389], [356, 417], [357, 388], [357, 416], [357, 417], [358, 387], [358, 416], [359, 415], [365, 436], [366, 435], [373, 439], [374, 438], [375, 437], [376, 436], [377, 435], [381, 410], [382, 390], [383, 389], [383, 390], [384, 388], [384, 389], [384, 417], [384, 419], [385, 388], [386, 387], [400, 423], [404, 417], [404, 419], [405, 416], [406, 416], [406, 417], [407, 416], [408, 416]]"
telomerase_AF221921.98-548,GGCGGGUUGCGGGAGCUGCGAGCGGCCGUCUCGUCUAACCCUAAAGAGAAAGGCGUAGGUGCUUGGCCUUGGCGACUCGCCCGCUGUUUUUUGGCUGGCUUUCAGCGGGUGAAGAGGCCCAAGACCUACCGCCACCCACCGUCUAGUGUCUUAAGGGCACAAAGUCCUGCCCGCCACCCUUCGAGGAGCGAAACCCAAAAAAGUCAGCCCCUGGCCGCCUCUCGCCCUCUCGCAACCCGCCUCCGUCCCAGCCUCCAUCCCCGCCCCAGGCCGCGGUCGGUCCGGGCUUCUUCGGAAGUCCCGUUGCCGUCGCGAAGAGUUCGCCUCUGUCAGCCGCGGGGCUUGGGGCCAGGGACGGGACCCUGUCCGCAGGGAGAGAAACUGGAGCCGGGCCCUCCACGGUGCCUCCCCGAGCUGUGGGAUCUGCACCCGGGACUCGAACCCUACACUU,"[[1, 150], [2, 80], [3, 79], [4, 32], [4, 78], [4, 82], [4, 238], [5, 77], [5, 237], [6, 80], [7, 79], [8, 234], [9, 29], [9, 233], [10, 232], [11, 231], [15, 106], [16, 105], [17, 104], [21, 77], [23, 28], [24, 27], [25, 26], [25, 77], [25, 87], [34, 105], [37, 56], [39, 157], [40, 156], [41, 116], [41, 155], [42, 153], [42, 154], [46, 150], [47, 77], [47, 149], [49, 102], [50, 70], [50, 102], [51, 69], [52, 143], [52, 150], [52, 219], [53, 67], [53, 80], [54, 79], [54, 217], [55, 78], [55, 172], [55, 216], [55, 223], [62, 105], [63, 104], [65, 68], [65, 119], [66, 118], [66, 271], [71, 76], [71, 91], [72, 80], [72, 142], [72, 165], [73, 79], [73, 141], [74, 78], [74, 168], [75, 77], [81, 108], [83, 106], [84, 105], [85, 104], [86, 103], [86, 205], [95, 105], [95, 207], [96, 206], [98, 118], [98, 208], [99, 105], [99, 207], [100, 206], [109, 135], [109, 139], [109, 177], [109, 236], [110, 134], [110, 138], [110, 176], [111, 133], [111, 137], [111, 175], [112, 204], [112, 289], [122, 144], [124, 142], [151, 154], [152, 153], [162, 289], [171, 358], [174, 207], [181, 379], [182, 207], [183, 221], [184, 204], [240, 336], [245, 278], [251, 253], [252, 333], [258, 417], [273, 274], [276, 367], [280, 282], [281, 359], [285, 335], [286, 299], [286, 334], [287, 333], [288, 332], [290, 417], [292, 358], [292, 385], [301, 339], [301, 358], [302, 338], [303, 337], [307, 339], [307, 358], [308, 357], [309, 337], [310, 336], [313, 323], [318, 326], [319, 325], [319, 406], [327, 336], [329, 331], [397, 417], [408, 412]]"
telomerase_AF221932.102-549,GGGUUGAGGAGGGUACGCCCGGGAGGGCGGUGGUCUGUUCUGUUCUAACCCUAACUGAUAAGGGCGUAGGCGCCGUGCUUUUGUUCCCCGCGCGUUGUUUUUCUCGCUGACUUUCAGCGGGCGGGAAAAGCCUCGGUCUACCGCCGUCUACCGAUAGCCUGGAGCAAACAAAAAAAUGUCAGCCGCCGGCCGCUCGCCCCUCCCGGGAACCUGCAGUGGCUCGCCCGCCCAGCCCCGCUCCCCGCCUGGAGGCCGCGGUCGGCCUGGGGCUUCUCCGGAGGUUCCCGCUGCCGCCGCGAAGAGUUGGGCUCUGUCAGCCGCGGGUCCCGCGGGAACCAAGGGCGAGGCUGGGGCCUCCUGAACGCAGGGAGAGAAACGGAGCGGUUCCCCGCGUGCGUGCGCUUCCCUGAGUUGUGGGAUGUGCGCUCGGGGCUCAGCUCCGACAGGU,"[[2, 35], [7, 104], [8, 103], [9, 102], [11, 438], [27, 38], [27, 43], [27, 91], [27, 147], [27, 197], [27, 291], [28, 37], [28, 42], [29, 36], [29, 41], [29, 74], [30, 40], [30, 88], [55, 317], [56, 181], [56, 316], [57, 180], [57, 315], [58, 179], [64, 365], [65, 364], [67, 75], [69, 74], [69, 148], [73, 75], [89, 322], [96, 116], [97, 115], [109, 115], [109, 138], [110, 114], [111, 136], [119, 286], [133, 430], [134, 429], [135, 428], [162, 275], [186, 189], [187, 188], [193, 216], [198, 432], [201, 429], [205, 428], [206, 285], [208, 283], [209, 282], [210, 281], [211, 280], [213, 314], [213, 415], [214, 313], [215, 312], [223, 254], [236, 322], [242, 430], [247, 248], [249, 284], [250, 283], [255, 314], [256, 313], [258, 259], [263, 281], [266, 440], [267, 440], [268, 319], [268, 434], [268, 439], [269, 318], [270, 317], [270, 432], [271, 316], [271, 431], [276, 277], [279, 310], [279, 439], [287, 415], [288, 320], [290, 315], [302, 356], [306, 440], [307, 319], [307, 439], [309, 437], [324, 426], [327, 430], [329, 415], [336, 430], [341, 427], [342, 365], [342, 426], [343, 401], [345, 439], [358, 430], [360, 444], [379, 428], [379, 435], [380, 427], [388, 418], [389, 430], [390, 416], [391, 415], [391, 428], [407, 430], [408, 429], [409, 428], [410, 427], [410, 439], [411, 438], [412, 437]]"
telomerase_AF221928.95-476,GUCUAACCCUGAAUUCUGAGAGCUGUGGGUACUGUGCUUUCGUCUCCGCCCGCUGUUUUUCUCGCUGACUUCCAGCGGGCGGGAAAGUCCAGACCUGCAGCGGGCCAUCGCGCGUUUUCCACCACAAAAAAAUGUCAGCGCUGGGCUCAUGUGCCUGGAGCCUUGCGGCCGGCCGCCCAGCCCCGCACCCGCCUGAGGCCGCGGUCGGCCUGGAGUCCUCGGGCUCCGCUGCCGCCGCGAAGAGCUAGACUCUGUCAGCCGCGGGGCGUCAGGGGCUGGGGCGAGCCCCGGCAGCGCCGCAAGCAGAGAAACGGAGCUGGUCCCGUGAACGGUGACUUCCCUGAGUUGUGGGAAAUGCACCAGGAACUCGGUUCCCACAACC,"[[6, 17], [10, 137], [11, 80], [11, 136], [12, 135], [14, 22], [14, 55], [14, 77], [14, 114], [15, 131], [16, 112], [20, 117], [25, 98], [28, 46], [31, 35], [37, 100], [40, 82], [40, 103], [41, 81], [41, 114], [42, 80], [42, 101], [42, 111], [42, 113], [43, 100], [43, 110], [48, 80], [50, 103], [51, 77], [51, 102], [52, 101], [53, 100], [60, 84], [61, 81], [61, 104], [61, 114], [62, 103], [64, 101], [65, 100], [67, 136], [68, 135], [71, 83], [72, 82], [72, 158], [73, 81], [73, 143], [74, 142], [74, 156], [85, 117], [86, 116], [87, 115], [88, 114], [94, 114], [97, 135], [109, 114], [109, 239], [121, 142], [146, 258], [157, 227], [159, 225], [160, 224], [161, 223], [162, 197], [164, 239], [171, 174], [176, 280], [177, 279], [178, 278], [179, 277], [180, 276], [181, 204], [181, 275], [183, 264], [183, 273], [183, 279], [184, 263], [184, 272], [184, 278], [185, 262], [186, 261], [192, 273], [193, 272], [195, 220], [195, 252], [195, 270], [196, 219], [196, 251], [196, 269], [200, 203], [201, 202], [207, 260], [208, 210], [208, 224], [208, 259], [212, 270], [214, 251], [215, 224], [215, 336], [216, 249], [221, 277], [230, 293], [231, 256], [231, 292], [231, 333], [232, 275], [234, 292], [235, 261], [238, 303], [241, 253], [243, 246], [243, 251], [244, 250], [254, 292], [254, 304], [255, 291], [265, 287], [337, 354], [338, 354], [340, 364], [341, 363], [343, 361], [345, 381], [346, 380], [347, 379], [348, 378], [349, 377], [350, 376], [351, 375], [352, 374]]"
telomerase_AF221911.104-513,CCGCUGCGGCGGCAGGUGGGGGCUCAGUCUUUCUAACCCUAAGCGAAAUGUGACCCCUCCCCGCUGCAGCCGUCCGCUGUUUUACUCGCUGACUUUCAGCGGACGGGGGGAGCGGGUGGAGACGCCAACCAAAAAACGUCAGCGAGGGGCCCUCCCCUCCCACGCCGACCUGGGCCUGUGGUGGGGCCCGCCAGCGAAGUCCCCGCCGCCCCGCCCCGGUGAGGCCGCGGUCAGCCGGCUCGCGCCACUGCUGCCGCGAAGAGUUCGUCUCUGUCAGCCUCGGGGGCGGCCGGGGUGGAAGGGCGGGUCCCGAGCCCGUCGGCCGGGAGAGCAAACGUGAGCGGCAGCCCCUGCGCCACCGCCCUCCCCUAAGCUGUGGGGCCCGCGGUCGGGGCUGCGCUCAGACACGC,"[[1, 9], [1, 106], [1, 115], [1, 289], [1, 344], [2, 8], [2, 15], [2, 105], [2, 288], [2, 391], [3, 7], [4, 347], [12, 274], [19, 356], [20, 152], [20, 350], [21, 38], [21, 71], [21, 349], [21, 357], [22, 37], [22, 348], [22, 356], [22, 374], [22, 395], [23, 347], [23, 355], [23, 373], [27, 406], [29, 404], [33, 146], [39, 146], [43, 268], [43, 274], [44, 124], [45, 123], [50, 85], [50, 408], [51, 407], [52, 406], [56, 379], [57, 146], [59, 144], [59, 146], [59, 181], [59, 221], [59, 286], [60, 107], [60, 146], [60, 379], [60, 380], [61, 106], [61, 181], [61, 378], [61, 379], [62, 105], [62, 114], [62, 292], [62, 378], [62, 391], [63, 377], [64, 277], [64, 347], [64, 376], [69, 251], [72, 104], [73, 103], [73, 168], [74, 102], [74, 167], [75, 101], [76, 100], [77, 99], [78, 98], [78, 141], [79, 97], [79, 140], [79, 345], [86, 145], [87, 101], [87, 144], [88, 143], [89, 99], [89, 142], [90, 141], [91, 97], [91, 140], [92, 139], [109, 160], [110, 356], [148, 151], [149, 150], [149, 356], [149, 389], [156, 379], [159, 181], [159, 376], [159, 379], [159, 392], [161, 172], [161, 183], [161, 378], [161, 379], [161, 391], [162, 171], [164, 182], [174, 279], [176, 223], [180, 246], [193, 375], [194, 374], [195, 277], [199, 287], [199, 308], [202, 294], [202, 379], [202, 392], [203, 283], [203, 293], [203, 379], [204, 292], [204, 378], [204, 391], [205, 291], [205, 324], [205, 377], [212, 391], [213, 287], [214, 286], [216, 326], [216, 392], [217, 292], [217, 325], [217, 391], [218, 324], [218, 390], [219, 389], [224, 389], [227, 274], [234, 389], [236, 292], [236, 387], [237, 279], [237, 291], [237, 375], [238, 374], [239, 373], [240, 276], [240, 314], [240, 343], [240, 346], [247, 274], [250, 389], [252, 343], [253, 275], [253, 345], [253, 389], [254, 344], [255, 343], [263, 269], [264, 373], [280, 293], [280, 376], [280, 392], [281, 292], [281, 318], [282, 311], [290, 388], [303, 356], [303, 362], [304, 355], [305, 317], [306, 316], [310, 379], [310, 392], [312, 390], [313, 401], [321, 324], [340, 401], [351, 376], [352, 391], [353, 390], [358, 377], [358, 389], [359, 376], [368, 392], [385, 386]]"
telomerase_AY058901.1-397,ACCUAACCCUGAUUUUCAUUAGCUGUGGGUUCUGGUCUUUUGUUCUUCGCCCGCUGUUUUUCUCGCUGACUUCCAGCGGACCAGUAAAGUCCAGACCUGCAGCGGGCCACCGCGCGUUCCCGAGCCUCAAAAACAAACGUCAGCGCAGGAGCUUCAGGUUCGCCGGGAGCUCCGCGGCGUCGGGCCGCCCAGUCCCGUACCCGCCUACAGGCCGCGGCCGGCCUGGGGUCUUAGGACUCCGCUGCCGCCGCGAAGAGCUCGCCUCUGUCAGCCGCGGGGCGCCGGGGGCUGGGGCCAGGCCGGGCGAGCGCCGCGAGGACAGGAAUGGAACUGGUCCCCGUGUUUGGUGUCUUACCUGAGCUGUGGGAAGUGCACCCGGAACUCGGUUCUCACAACC,"[[1, 30], [1, 44], [3, 29], [3, 35], [4, 28], [4, 34], [5, 31], [5, 33], [6, 19], [6, 30], [6, 31], [21, 24], [22, 23], [37, 235], [52, 104], [53, 103], [54, 102], [54, 112], [64, 78], [65, 103], [66, 102], [72, 347], [77, 241], [79, 376], [81, 89], [81, 334], [81, 386], [82, 333], [85, 354], [86, 353], [87, 352], [90, 386], [96, 184], [96, 386], [99, 268], [99, 364], [100, 363], [101, 362], [108, 349], [109, 268], [111, 116], [113, 116], [114, 115], [117, 236], [118, 150], [118, 324], [119, 149], [119, 167], [119, 227], [122, 181], [124, 159], [136, 344], [136, 350], [137, 343], [139, 348], [140, 334], [140, 354], [140, 359], [143, 146], [145, 364], [148, 240], [151, 170], [151, 237], [152, 211], [158, 331], [158, 355], [163, 292], [163, 386], [165, 181], [168, 171], [168, 238], [169, 170], [169, 237], [172, 235], [172, 277], [172, 306], [173, 234], [173, 276], [174, 181], [174, 268], [174, 275], [174, 364], [175, 250], [175, 267], [175, 274], [176, 213], [176, 249], [176, 273], [177, 272], [177, 350], [178, 187], [179, 186], [182, 260], [183, 189], [188, 278], [190, 225], [190, 291], [191, 224], [191, 290], [192, 289], [193, 316], [199, 206], [214, 275], [218, 386], [220, 224], [221, 223], [222, 235], [222, 271], [228, 262], [244, 269], [245, 277], [251, 261], [252, 260], [253, 259], [256, 350], [257, 258], [257, 263], [319, 350], [329, 388], [366, 390], [382, 386]]"
telomerase_AF221919.107-614,GUGCGGACGGGCUGCGUGGGCGGGUCGGUCCGUCCUGGCACAUCUAACCCUAAAUGCGCGCUGGUUGAAGUGGCUUCUCCUGGGCGAUCGCUCGCUGUUUUUGUGGCUGGCUUUCAGCGGGCUGGAGGAGCCGGGAGCGGAGGCGGAGGACCGAGCCAAAAACGUCAGCCGAGGCCGGGCGGCCCCGCUCGUGGCCCGUCCGCACUGUCCGGGCCAGGCCCCGGCCCGAACCCCCUGGAGACAACUCCCGCAGGGUCUGCGCUGCGCCGCGGAGCCCCGGCUGCCCACGUAGAGGCGGCGGCCGUCUCGGGGCCCCUGCGUGCGGGGCGCCCACUGCGGCCGCCAAGAGCUCGUCUCUGUCAGCCUCGGGUGCACGUGGGCCCGCGGUCGAGCCCUAAGGCCGGGCGUGGGGCUGGGGUCGCAGGGAGAGUAACCGUGAGCCGGCGCCCAGCCUUCAGGGCGCUCCCUCGAGCUAUGGGAGCUGCCCCCGGGCACGGCUCGGACACCC,"[[8, 501], [9, 500], [10, 499], [11, 118], [11, 498], [12, 363], [13, 362], [14, 115], [14, 361], [18, 449], [19, 448], [20, 447], [21, 446], [21, 501], [22, 31], [22, 445], [22, 500], [22, 508], [23, 30], [23, 92], [23, 499], [23, 507], [24, 29], [24, 498], [24, 506], [25, 28], [25, 497], [25, 502], [26, 32], [26, 300], [26, 501], [33, 129], [33, 418], [33, 427], [33, 480], [33, 503], [34, 479], [34, 502], [35, 478], [35, 501], [38, 57], [38, 91], [38, 323], [38, 373], [48, 64], [48, 460], [49, 63], [49, 459], [50, 70], [72, 344], [72, 483], [73, 473], [73, 482], [74, 481], [75, 273], [75, 480], [75, 491], [76, 272], [76, 479], [77, 428], [77, 478], [78, 427], [79, 84], [79, 426], [79, 479], [80, 425], [80, 478], [81, 82], [83, 448], [85, 90], [86, 89], [93, 119], [93, 324], [93, 372], [94, 118], [95, 117], [96, 116], [97, 115], [97, 351], [97, 361], [97, 434], [104, 475], [105, 474], [107, 472], [109, 361], [109, 449], [110, 434], [120, 276], [120, 365], [120, 448], [121, 305], [121, 364], [121, 447], [121, 467], [122, 202], [122, 363], [122, 446], [123, 362], [124, 166], [124, 200], [124, 361], [125, 357], [128, 357], [132, 309], [133, 278], [133, 308], [133, 357], [134, 307], [140, 357], [141, 356], [142, 355], [143, 305], [144, 304], [145, 303], [146, 302], [146, 308], [146, 357], [147, 356], [151, 502], [152, 501], [153, 308], [153, 367], [153, 500], [154, 307], [154, 366], [154, 499], [157, 294], [160, 258], [164, 375], [168, 340], [169, 259], [169, 301], [169, 339], [169, 387], [169, 502], [170, 309], [170, 338], [170, 353], [170, 501], [171, 257], [171, 299], [171, 308], [171, 337], [171, 357], [171, 367], [171, 500], [172, 307], [172, 356], [172, 366], [172, 468], [172, 499], [173, 355], [176, 501], [177, 500], [180, 304], [183, 412], [184, 255], [184, 311], [184, 405], [184, 411], [184, 412], [184, 417], [184, 460], [185, 325], [185, 379], [185, 410], [186, 253], [186, 324], [186, 403], [186, 409], [187, 323], [187, 408], [188, 322], [190, 458], [191, 476], [193, 257], [194, 256], [194, 419], [195, 255], [195, 412], [195, 460], [195, 472], [196, 254], [196, 478], [197, 253], [197, 410], [197, 458], [197, 477], [198, 476], [199, 475], [203, 372], [205, 370], [206, 369], [208, 273], [208, 427], [208, 503], [209, 502], [210, 501], [211, 500], [212, 277], [212, 307], [212, 366], [212, 468], [213, 281], [213, 467], [213, 493], [214, 280], [215, 279], [215, 300], [220, 405], [220, 417], [220, 460], [220, 492], [221, 310], [221, 404], [221, 416], [221, 491], [222, 309], [222, 403], [222, 415], [222, 458], [222, 490], [223, 308], [223, 402], [223, 414], [224, 307], [224, 401], [224, 413], [224, 499], [225, 266], [225, 280], [225, 301], [225, 339], [225, 400], [225, 412], [226, 254], [226, 300], [226, 411], [228, 308], [229, 307], [230, 371], [231, 255], [231, 325], [233, 253], [233, 403], [233, 460], [234, 410], [234, 459], [235, 410], [235, 458], [236, 259], [236, 409], [236, 457], [236, 475], [237, 258], [237, 358], [238, 308], [238, 357], [239, 356], [240, 257], [240, 306], [240, 355], [241, 354], [241, 360], [242, 359], [243, 358], [246, 427], [246, 480], [247, 479], [248, 425], [248, 478], [249, 424], [249, 458], [250, 476], [252, 258], [268, 369], [269, 305], [270, 359], [287, 377], [295, 305], [296, 304], [297, 306], [297, 420], [298, 305], [313, 412], [314, 411], [314, 460], [315, 459], [316, 458], [317, 457], [318, 456], [326, 448], [327, 486], [341, 411], [349, 473], [350, 472], [352, 384], [381, 412], [381, 497], [382, 411], [389, 470], [390, 469], [391, 468], [393, 460], [395, 458], [443, 448], [444, 447], [465, 479], [471, 499]]"
telomerase_AF221918.97-547,GGGCUGAGGAGGGUGGGCUCGGGAGGGGCCCGGUCAUUUCUCAUCUAACCCUAACUGAGCAGGGCGUAGGCGCCGCGCUUUUGUUUCCCCGCGCGCUGUUUUUCUCGCUGACUUUCAGCGCGUGGGAAAAGCCUUGGCCUACCGCCGUCCACCGUUCAUUUCGCAGUAAACAAAAAAUGUCAGCCGCUGGCCGGUUCGCCCUUCCCGGGGACCUGCGGUGGCUCGCCCGCCCGGCCCCCGUGCCCCGCCUGAGGCCGCGGUCGGCCCGGGGCUUCUCCGGAGGUGCCCAAUGCCGCCGCGAAGAGUUAGGCUCUGUCAGCCGCGGGUCCCUCGGGGGCCAAGGGCGAGGCGCAGGCCGUCUGGCCGCAGGGAGAGGAACGGAGCGGGUCCCCCAGCGUGGUGCGCUUCCCUGAGCUGUGGGACUUGCACCCGGGACUCGGCUCAAACACGC,"[[13, 449], [16, 149], [25, 202], [26, 31], [27, 200], [27, 321], [28, 199], [29, 77], [29, 440], [30, 439], [33, 437], [36, 56], [57, 181], [59, 104], [64, 71], [64, 243], [64, 415], [65, 70], [65, 242], [73, 218], [73, 221], [73, 283], [74, 217], [106, 120], [108, 395], [110, 181], [110, 393], [111, 180], [112, 179], [123, 448], [134, 324], [138, 283], [144, 219], [147, 438], [148, 322], [150, 402], [151, 219], [183, 195], [184, 221], [186, 219], [187, 218], [187, 395], [188, 394], [191, 194], [191, 440], [193, 262], [193, 267], [193, 438], [198, 219], [203, 382], [204, 218], [204, 326], [206, 324], [207, 323], [208, 238], [210, 328], [210, 389], [211, 327], [212, 326], [215, 219], [215, 316], [215, 359], [215, 418], [222, 300], [225, 256], [231, 315], [231, 381], [233, 339], [234, 266], [234, 338], [235, 326], [235, 337], [235, 387], [236, 336], [237, 335], [240, 323], [241, 322], [245, 349], [248, 335], [250, 333], [252, 312], [257, 316], [257, 359], [258, 315], [258, 358], [259, 314], [259, 357], [260, 266], [260, 316], [261, 315], [264, 266], [265, 326], [268, 332], [269, 331], [269, 392], [269, 430], [270, 321], [270, 416], [271, 311], [271, 320], [271, 356], [271, 388], [271, 415], [272, 319], [273, 318], [276, 372], [276, 382], [279, 314], [280, 313], [294, 397], [295, 396], [296, 395], [309, 321], [330, 335], [334, 430], [407, 412], [421, 429]]"
telomerase_AC121792.109554-109950,ACCUAACCCUGAUUUUCAUUAGCUGUGGGUUCUGGUCUUUUGUUCUCCGCCCGCUGUUUUUCUCGCUGACUUCCAGCGGGCCAGGAAAGUCCAGACCUGCAGCGGGCCACCGCGCGUUCCCGAGCCUCAAAAACAAACGUCAGCGCAGGAGCUCCAGGUUCGCCGGGAGCUCCGCGGCGCCGGGCCGCCCAGUCCCGUACCCGCCUACAGGCCGCGGCCGGCCUGGGGUCUUAGGACUCCGCUGCCGCCGCGAAGAGCUCGCCUCUGUCAGCCGCGGGGCGCCGGGGGCUGGGGCCAGGCCGGGCGAGCGCCGCGAGGACAGGAAUGGAACUGGUCCCCGUGUUCGGUGUCUUACCUGAGCUGUGGGAAGUGCACCCGGAACUCGGUUCUCACAACC,"[[1, 30], [1, 44], [3, 29], [3, 35], [4, 28], [4, 34], [5, 31], [6, 19], [6, 30], [6, 31], [21, 24], [22, 23], [42, 81], [51, 105], [52, 78], [52, 104], [53, 103], [54, 102], [63, 79], [64, 78], [65, 77], [80, 375], [86, 118], [87, 117], [96, 386], [99, 268], [99, 364], [100, 363], [108, 349], [109, 348], [116, 161], [119, 149], [119, 167], [119, 227], [120, 386], [121, 385], [122, 154], [122, 384], [137, 343], [138, 349], [139, 348], [140, 334], [140, 347], [140, 359], [144, 241], [145, 364], [148, 240], [150, 153], [155, 267], [157, 186], [158, 230], [158, 355], [162, 213], [162, 289], [163, 286], [163, 386], [166, 240], [168, 171], [168, 238], [169, 170], [169, 237], [173, 234], [173, 276], [174, 275], [177, 350], [179, 186], [179, 243], [180, 386], [188, 278], [190, 225], [191, 224], [193, 228], [199, 206], [214, 275], [220, 224], [221, 223], [221, 272], [222, 235], [222, 271], [222, 292], [244, 269], [245, 277], [248, 274], [251, 261], [252, 260], [253, 259], [253, 352], [257, 258], [257, 263], [273, 291], [282, 303], [319, 350], [366, 390], [381, 387], [382, 386]]"
