id,sequence,base_pairs,len
1ddy-1-A,GGAACCGGUGCGCAUAACCACCUCAGUGCGAGCAA,"[[7, 22], [8, 21], [8, 25], [9, 20], [10, 18], [10, 28], [11, 27], [11, 30], [12, 33], [13, 32], [14, 31], [15, 27], [15, 29], [17, 29], [18, 28], [19, 26], [27, 29]]",35
1dk1-1-B,GGGCGGCCUUCGGGCUAGACGGUGGGAGAGGCUUCGGCUGGUCCACCCGUGACGCUC,"[[1, 57], [2, 56], [3, 55], [4, 54], [6, 15], [6, 17], [7, 14], [8, 13], [9, 12], [16, 52], [18, 51], [18, 53], [19, 50], [20, 49], [21, 48], [22, 46], [23, 45], [24, 44], [25, 43], [26, 42], [27, 41], [28, 40], [30, 39], [31, 38], [32, 37], [33, 36], [51, 53]]",57
1dul-1-B,GGCUCUGUUUACCAGGUCAGGUCCGAAAGGAAGCAGCCAAGGCAGAGCC,"[[1, 49], [2, 48], [3, 47], [4, 46], [5, 45], [6, 44], [7, 43], [8, 42], [9, 41], [10, 40], [15, 38], [16, 37], [17, 36], [18, 34], [18, 35], [19, 34], [20, 33], [21, 32], [22, 31], [23, 30], [24, 29], [25, 28]]",49
1ffk-1-9,UUAGGCGGCCACAGCGGUGGGGUUGCCUCCCGUACCCAUCCCGAACACGGAAGAUAAGCCCACCAGCGUUCCGGGGAGUACUGGAGUGCGCGAGCCUCUGGGAAACCCGGUUCGCCGCCACC,"[[3, 21], [3, 25], [4, 119], [5, 118], [6, 117], [7, 116], [8, 115], [9, 114], [10, 13], [11, 68], [14, 67], [15, 66], [15, 113], [16, 64], [17, 63], [18, 62], [19, 61], [20, 60], [21, 59], [22, 26], [22, 58], [27, 55], [27, 58], [28, 54], [28, 57], [29, 51], [29, 53], [29, 56], [30, 50], [30, 52], [31, 49], [32, 48], [33, 35], [33, 47], [35, 48], [36, 47], [37, 43], [38, 45], [39, 44], [43, 46], [51, 52], [54, 56], [55, 57], [65, 67], [66, 113], [69, 112], [70, 111], [71, 110], [72, 109], [73, 108], [74, 107], [75, 106], [76, 105], [77, 104], [78, 79], [79, 103], [80, 102], [81, 101], [82, 100], [83, 99], [84, 98], [85, 97], [86, 96], [88, 95], [89, 94], [90, 93]]",122
1ffy-1-T,GGGCUUGUAGCUCAGGUGGUUAGAGCGCACCCCUGAUAAGGGUGAGGUCGGUGGUUCAAGUCCACUCAGGCCCAC,"[[1, 73], [2, 72], [3, 71], [4, 70], [5, 69], [6, 68], [7, 67], [8, 14], [8, 22], [9, 24], [10, 26], [11, 25], [12, 24], [13, 23], [14, 22], [15, 49], [18, 56], [19, 57], [23, 47], [27, 45], [28, 44], [29, 43], [30, 42], [31, 41], [32, 40], [33, 39], [34, 37], [50, 66], [51, 65], [52, 64], [53, 63], [54, 62], [55, 59]]",75
1gax-1-C,GGGCGGCUAGCUCAGCGGAAGAGCGCUCGCCUCACACGCGAGAGGUCGUAGGUUCAAGUCCUACGCCGCCCACCA,"[[1, 71], [2, 70], [3, 69], [4, 68], [5, 67], [6, 66], [7, 65], [8, 14], [8, 20], [9, 22], [10, 24], [10, 44], [11, 23], [12, 22], [13, 21], [15, 47], [17, 54], [18, 55], [21, 45], [25, 43], [26, 42], [27, 41], [28, 40], [29, 32], [29, 39], [30, 38], [32, 39], [48, 64], [49, 63], [50, 62], [51, 61], [52, 60], [53, 57]]",75
1i6u-1-C,GGGCCCGGUAAGUCUCUUCGGAGAUACUGCCGGGCCC,"[[1, 37], [2, 36], [3, 35], [4, 34], [5, 33], [6, 32], [7, 31], [8, 30], [9, 29], [10, 11], [11, 28], [12, 27], [13, 24], [13, 26], [14, 23], [15, 22], [16, 21], [17, 20], [25, 26], [25, 27]]",37
1j1u-1-B,CCGGCGGUAGUUCAGCCUGGUAGAACGGCGGACUGUAGAUCCGCAUGUCGCUGGUUCAAAUCCGGCCCGCCGGA,"[[1, 73], [2, 72], [3, 71], [4, 70], [5, 69], [6, 68], [7, 67], [8, 14], [8, 22], [9, 24], [10, 26], [10, 46], [11, 25], [12, 24], [13, 23], [14, 22], [15, 49], [19, 56], [20, 57], [23, 47], [26, 46], [27, 45], [28, 44], [29, 43], [30, 42], [31, 41], [32, 40], [33, 39], [34, 37], [50, 66], [51, 65], [52, 64], [53, 63], [54, 62], [55, 59]]",74
1kh6-1-A,GGCGGAACCGUACACCGGAAUCCGAAAGGAUUUGGGCGUGCCCCCGCC,"[[1, 48], [2, 47], [3, 46], [4, 45], [5, 44], [6, 20], [6, 32], [7, 19], [7, 33], [8, 18], [9, 17], [10, 16], [19, 32], [20, 31], [21, 30], [22, 29], [23, 28], [24, 27], [34, 43], [35, 42], [36, 41], [37, 40], [38, 39]]",48
1kog-1-I,GGCGUAUGUGAUCUUUCGUGUGGGUCACCACUGCGCC,"[[1, 37], [2, 36], [3, 35], [4, 34], [5, 33], [6, 29], [6, 32], [8, 28], [8, 31], [9, 27], [9, 30], [10, 26], [11, 25], [12, 24], [13, 23], [14, 22], [15, 17], [18, 19], [28, 30], [29, 31]]",37
1mzp-1-B,GGGAUGCGUAGGAUAGGUGGGAGCCGCAAGGCGCCGGUGAAAUACCACCCUUCCC,"[[1, 55], [2, 54], [3, 53], [4, 52], [5, 51], [6, 50], [8, 40], [9, 41], [10, 15], [10, 38], [11, 42], [13, 43], [15, 39], [16, 49], [17, 48], [18, 47], [19, 46], [20, 45], [21, 44], [22, 33], [23, 32], [23, 44], [24, 31], [25, 30], [26, 29], [37, 43], [38, 42]]",55
1p6v-1-B,GAUUCGACGGGGACUUCGGUCCUCGGACGCGGGUUCGAUUCCCGC,"[[1, 37], [4, 27], [7, 26], [8, 25], [8, 26], [9, 24], [10, 23], [11, 22], [12, 21], [13, 20], [14, 19], [15, 18], [29, 45], [30, 44], [31, 43], [32, 42], [33, 41], [34, 38]]",45
1u63-1-B,GGGAGUGAAGGAGGCUCGCGAACUCGCGAAGCCGAGAAACUUCACUCCC,"[[2, 48], [3, 47], [4, 46], [5, 45], [6, 44], [7, 43], [8, 42], [9, 41], [10, 40], [11, 39], [12, 34], [13, 33], [13, 39], [14, 32], [15, 31], [15, 32], [16, 30], [17, 28], [18, 27], [19, 26], [20, 25]]",49
1un6-1-E,GCCGGCCACACCUACGGGGCCUGGUUAGUACCUGGGAAACCUGGGAAUACCAGGUGCCGGC,"[[1, 61], [2, 60], [3, 59], [4, 58], [5, 57], [6, 56], [11, 18], [12, 17], [13, 16], [19, 55], [20, 54], [21, 53], [22, 52], [23, 51], [24, 50], [25, 49], [26, 48], [27, 47], [28, 29], [29, 46], [30, 45], [31, 44], [32, 43], [33, 42], [34, 41], [35, 40], [35, 41]]",61
1wz2-1-C,GCGGGGGUUGCCGAGCCUGGUCAAAGGCGGGGGACUCAAGAUCCCCUCCCGUAGGGGUUCCGGGGUUCGAAUCCCCGCCCCCGCACCA,"[[1, 84], [2, 83], [3, 82], [4, 81], [5, 80], [6, 79], [7, 78], [8, 14], [9, 13], [10, 28], [11, 27], [12, 26], [13, 25], [14, 24], [15, 22], [15, 24], [15, 60], [19, 67], [20, 68], [22, 60], [24, 59], [29, 47], [30, 46], [31, 45], [32, 44], [33, 43], [34, 42], [48, 57], [49, 56], [50, 55], [61, 77], [62, 76], [63, 75], [64, 74], [65, 73], [66, 70]]",88
1y27-1-X,GGAUCAUAUAAUCGCGUGGAUAUGGCACGCAAGUUUCUACCGGGCACCGUAAAUGUCCGACUAUGGUCG,"[[2, 68], [3, 67], [4, 66], [5, 65], [6, 64], [7, 63], [8, 62], [9, 39], [10, 33], [12, 32], [13, 31], [14, 30], [15, 29], [16, 28], [17, 27], [18, 26], [20, 53], [21, 24], [21, 52], [22, 51], [24, 48], [24, 52], [25, 47], [25, 53], [33, 40], [34, 38], [36, 63], [37, 62], [38, 69], [41, 59], [42, 58], [43, 57], [44, 56], [45, 55], [46, 54], [48, 52], [49, 50], [61, 69]]",69
1yfg-1-A,AGCGCCGUGGCGCAGUGGAAGCGCGCAGGGCUCAUAACCCUGAUGUCCUCGGAUCGAAACCGAGCGGCGCUACCA,"[[1, 71], [2, 70], [3, 69], [4, 68], [5, 67], [6, 66], [7, 65], [8, 14], [8, 20], [9, 11], [9, 22], [10, 24], [10, 44], [11, 23], [12, 22], [13, 21], [15, 47], [17, 54], [18, 55], [19, 56], [19, 59], [21, 45], [25, 43], [26, 42], [27, 41], [28, 40], [29, 39], [30, 38], [31, 37], [32, 34], [48, 64], [49, 63], [50, 62], [51, 61], [52, 60], [53, 57]]",75
2a64-1-A,GUUAAUCAUGCUCGGGUAAUCGCUGCGGCCGGUUUCGGCCGUAGAGGAAAGUCCAUGCUCGCACGGUGCUGAGAUGCCCGUAGUGUUCGUGCCUAGCGAAUCCAUAAGCUAGGGCAGCCGGCUGACGGCGGGCCCUGAAAGUGCCGGUAAACCCCACGAGCGAGAAACCCAAAUAGGGGCACCUUCCCGAAGGAAAUGAACGGAGGGAAGGACAGGCGGCGCAUGCAGCCUGUAGAUAGAUGAUUACCGCCGGAGUACGUACGAAGGUACAGAACAUGGCUUAUAGAGCAUGAUUAAC,"[[3, 296], [4, 295], [5, 294], [6, 293], [7, 292], [8, 291], [9, 290], [10, 289], [11, 288], [12, 287], [13, 286], [14, 284], [14, 285], [15, 248], [16, 247], [17, 246], [18, 245], [19, 244], [20, 243], [21, 242], [23, 44], [24, 43], [25, 42], [26, 41], [27, 40], [28, 39], [29, 38], [30, 37], [31, 36], [46, 270], [47, 269], [48, 282], [49, 271], [50, 281], [51, 280], [53, 279], [54, 278], [55, 277], [56, 276], [57, 275], [58, 164], [59, 163], [60, 162], [61, 161], [62, 160], [63, 81], [63, 83], [64, 80], [65, 79], [66, 78], [68, 77], [69, 76], [70, 74], [71, 195], [72, 197], [73, 75], [73, 198], [74, 194], [76, 200], [81, 160], [87, 159], [88, 158], [89, 157], [90, 156], [90, 157], [91, 155], [92, 113], [92, 126], [93, 112], [94, 111], [95, 110], [96, 109], [97, 108], [98, 107], [99, 277], [101, 103], [107, 278], [114, 126], [115, 124], [116, 123], [117, 122], [118, 121], [119, 120], [127, 139], [127, 154], [128, 153], [129, 143], [130, 135], [131, 134], [132, 133], [136, 140], [141, 152], [142, 151], [143, 147], [144, 147], [145, 146], [148, 151], [164, 167], [167, 179], [168, 178], [169, 177], [170, 176], [172, 175], [180, 237], [182, 211], [183, 210], [184, 209], [185, 208], [186, 207], [187, 206], [188, 205], [189, 204], [191, 202], [192, 201], [193, 200], [195, 198], [195, 199], [212, 233], [213, 232], [214, 231], [215, 230], [216, 229], [217, 228], [218, 227], [224, 225], [234, 240], [235, 274], [241, 273], [249, 268], [250, 267], [251, 266], [252, 265], [253, 264], [255, 262], [256, 261], [257, 260], [258, 259]]",298
2csx-1-C,GGCGGCGUAGCUCAGCUGGUCAGAGCGGGGAUCUCAUAAGUCCCAGGUCGGAGGUUCGAGUCCUCCCGCCGCCAC,"[[1, 73], [2, 72], [3, 71], [4, 70], [5, 69], [6, 68], [7, 67], [8, 14], [8, 22], [9, 24], [10, 26], [11, 25], [12, 24], [13, 23], [15, 49], [18, 56], [19, 57], [23, 47], [25, 45], [28, 44], [29, 43], [30, 42], [31, 41], [32, 40], [34, 39], [50, 66], [51, 65], [52, 64], [53, 63], [54, 62], [55, 59]]",75
2d6f-1-F,AGUCCCGUGGGGUAGUGGUAAUCCUGCUGGGCUUUGGACCCGGCGACAGCGGUUCGACUCCGCUCGGGACUACC,"[[1, 71], [2, 70], [3, 69], [4, 68], [5, 67], [6, 66], [7, 65], [8, 14], [9, 23], [10, 25], [10, 45], [11, 24], [12, 23], [13, 22], [15, 21], [16, 58], [17, 54], [18, 55], [20, 47], [20, 58], [22, 46], [25, 45], [26, 44], [27, 43], [28, 42], [29, 41], [30, 40], [31, 39], [32, 38], [33, 37], [48, 64], [49, 63], [50, 62], [51, 61], [52, 60], [53, 57]]",74
2dr2-1-B,GACCUCGUGGCGCAAUGGUAGCGCGUCUGACUCCAGAUCAGAAGGUUGCGUGUUCGAAUCACGUCGGGGUCACCA,"[[1, 71], [2, 70], [3, 69], [4, 68], [5, 67], [6, 66], [7, 65], [9, 12], [9, 44], [10, 24], [11, 22], [11, 23], [12, 22], [13, 21], [14, 20], [25, 43], [26, 42], [27, 41], [28, 40], [29, 39], [30, 38], [31, 37], [32, 35], [48, 64], [49, 63], [50, 62], [51, 61], [52, 60], [53, 57]]",75
2du3-1-D,GCCAGGGUGGCAGAGGGGCUUUGCGGCGGACUGCAGAUCCGCUUUACCCCGGUUCGAAUCCGGGCCCUGGC,"[[1, 71], [2, 70], [3, 69], [4, 68], [5, 67], [6, 66], [7, 64], [7, 65], [8, 14], [9, 12], [9, 13], [10, 24], [11, 23], [12, 22], [13, 21], [14, 46], [15, 47], [16, 58], [17, 54], [18, 55], [20, 58], [25, 42], [27, 41], [28, 40], [29, 39], [30, 38], [48, 64], [49, 63], [50, 62], [51, 61], [52, 60], [53, 57]]",71
2gis-1-A,GGCUUAUCAAGAGAGGUGGAGGGACUGGCCCGAUGAAACCCGGCAACCAGAAAUGGUGCCAAUUCCUGCAGCGGAAACGUUGAAAGAUGAGCCAA,"[[1, 93], [2, 92], [3, 91], [4, 90], [5, 89], [6, 88], [7, 87], [8, 86], [11, 44], [12, 43], [13, 41], [15, 40], [16, 39], [17, 38], [18, 37], [19, 36], [20, 32], [20, 35], [21, 31], [22, 30], [22, 61], [23, 29], [23, 62], [24, 85], [25, 68], [26, 67], [27, 66], [28, 65], [30, 61], [42, 60], [43, 59], [44, 58], [45, 95], [46, 47], [47, 56], [48, 55], [49, 54], [50, 53], [57, 95], [64, 85], [69, 82], [70, 81], [71, 80], [72, 79], [73, 78], [74, 77]]",95
2gtt-1-X,CCACCAACCCCACACACCCCCCCACCCCCACCCACCACACAAAACCCCCAAAACCCCCCCAACCCCCAAACCCCACCAACCCCACCAACCCCACAAACC,"[[5, 7]]",99
2hvy-1-E,GGGUCCGCCUUGAUGCCCGGGUGAAAGCAUGAUCCCGGGUAAUAUGGCGGACCCACA,"[[1, 54], [2, 53], [3, 52], [3, 55], [4, 51], [5, 50], [6, 49], [7, 48], [8, 47], [9, 46], [11, 42], [15, 40], [16, 39], [17, 38], [18, 37], [19, 36], [20, 35], [21, 34], [22, 33], [23, 32], [24, 31], [53, 55]]",57
2nue-1-C,GGGACAAGCGCAAGGUCAUUCGCAAGAGUGGCCUUGCGCUUGUCCC,"[[1, 46], [2, 45], [3, 44], [4, 43], [5, 42], [6, 41], [7, 40], [8, 39], [9, 38], [10, 37], [11, 36], [12, 35], [13, 34], [14, 33], [15, 32], [16, 31], [17, 30], [18, 29], [19, 28], [20, 27], [21, 26], [22, 25]]",46
2oiu-1-P,GGACCUCGGCGAAAGCCGUUCGACCAGCGAAAGCUCUUAGACAGGAGGUUAGGUGCUCCGAAAGGAGCACU,"[[1, 51], [2, 50], [3, 49], [4, 48], [5, 47], [6, 46], [7, 45], [8, 17], [9, 16], [10, 15], [11, 14], [18, 42], [20, 41], [21, 40], [22, 39], [23, 37], [24, 36], [25, 36], [26, 35], [27, 34], [28, 33], [29, 32], [52, 71], [53, 70], [54, 69], [55, 68], [56, 67], [57, 66], [58, 65], [59, 64], [60, 63]]",71
2qus-1-A,GGGAGCCCUGUCACCGGAUGUGCUUUCCGGUCUGAUGAGUCCGUGAGGACAAAACAGGGCUCCCGAAUU,"[[1, 64], [2, 63], [3, 62], [4, 61], [5, 60], [6, 59], [7, 58], [8, 57], [9, 56], [10, 55], [11, 54], [12, 52], [12, 53], [13, 31], [14, 30], [15, 29], [16, 28], [17, 27], [18, 26], [19, 46], [20, 21], [21, 23], [22, 45], [24, 46], [25, 47], [32, 37], [33, 35], [34, 53], [38, 51], [39, 50], [40, 49], [41, 48], [42, 47]]",69
2qwy-1-A,GCGCGGCGAUUUAACCGUAUUGCAGUCGCGUGAUAAAUGUAGCUAAAAAGGAA,"[[2, 30], [3, 29], [4, 28], [5, 27], [5, 35], [5, 36], [6, 26], [7, 25], [8, 23], [8, 42], [9, 22], [9, 43], [10, 44], [11, 45], [12, 46], [13, 18], [15, 51], [16, 50], [17, 49], [18, 48], [19, 47], [20, 46], [21, 45], [22, 43], [23, 42], [24, 40], [24, 41], [28, 35], [29, 33], [44, 53]]",53
2zh2-1-B,GGCCCGGGGCGGUUCGAUUCCGCCCUGGGCCAAC,"[[1, 31], [2, 30], [3, 29], [4, 28], [5, 27], [6, 26], [7, 25], [8, 24], [9, 23], [10, 22], [11, 21], [12, 20], [13, 17]]",34
2zni-1-C,GGGGGGUGGAUCGAAUAGAUCACACGGACUCUAAAUUCGUGCAGGCGGGUGAAACUCCCGUACUCCCCGCCA,"[[1, 68], [2, 67], [3, 66], [4, 65], [6, 63], [7, 62], [9, 21], [10, 20], [11, 19], [12, 18], [13, 55], [18, 44], [19, 43], [22, 42], [23, 41], [24, 40], [25, 39], [26, 38], [27, 37], [28, 36], [29, 35], [30, 33], [45, 61], [46, 60], [47, 59], [48, 58], [49, 57], [50, 54]]",72
3adb-1-C,GGCCGCCGCCACCGGGGUGGUCCCCGGGCCGGACUUCAGAUCCGGCGCGCCCCGAGUGGGGCGCGGGGUUCAAUUCCCCGCGGCGGCCGCCA,"[[1, 88], [2, 87], [3, 86], [4, 85], [5, 84], [6, 83], [7, 82], [8, 81], [9, 80], [12, 27], [13, 26], [14, 25], [15, 24], [16, 23], [17, 22], [18, 74], [19, 70], [20, 21], [20, 71], [28, 46], [29, 45], [30, 44], [31, 43], [32, 42], [33, 41], [34, 40], [47, 64], [48, 63], [49, 62], [50, 61], [51, 60], [52, 59], [53, 58], [65, 79], [66, 78], [67, 77], [68, 76], [69, 73]]",92
3amt-1-B,GGGCCCGUAGCUUAGCCAGGUCAGAGCGCCCGGCUCAUAACCGGGCGGUCGAGGGUUCGAAUCCCUCCGGGCCCACCA,"[[1, 74], [2, 73], [3, 72], [4, 71], [5, 70], [6, 69], [7, 68], [8, 14], [8, 23], [9, 25], [10, 27], [10, 47], [11, 26], [12, 25], [13, 24], [14, 23], [15, 50], [19, 57], [20, 58], [24, 48], [26, 47], [28, 46], [29, 45], [30, 44], [31, 43], [32, 42], [51, 67], [52, 66], [53, 65], [54, 64], [55, 63]]",78
3bwp-1-A,GUGCCCGGCAUGGGUGCAGUCUAUAGGGUGAGAGUCCCGAACUGUGAAGGCAGAAGUAACAGUUAGCCUAACGCAAGGGUGUCCGUGGCGACAUGGAAUCUGAAGGAAGCGGACGGCAAACCUUCGGUCUGAGGAACACGAACUUCAUAGGCUAAUGGAUGAGUUUGCAUAACAAAACAAAGUCCUUUCUGCCAGUUGGUGAAGCAGAUUGAUGAAGGGAAAGACUGCAUUCUUACCCGGGGAGGUCUGGAAACAGAAGUCAGCAGAAGUCAUAGUACCCAGGGGAAGGACGGAACAAGUAUGGCGUUCGCGCCUAAGCUUGAACCGCCGUAUACCGAACGGUACGUACGGUGGUG,"[[1, 236], [2, 105], [3, 235], [4, 241], [5, 240], [5, 286], [6, 239], [7, 238], [8, 237], [9, 106], [10, 233], [12, 232], [13, 231], [14, 230], [15, 229], [16, 228], [17, 227], [18, 226], [19, 225], [20, 224], [21, 223], [22, 119], [22, 222], [24, 40], [25, 39], [26, 38], [27, 37], [28, 36], [29, 33], [30, 220], [41, 63], [42, 62], [43, 61], [44, 60], [45, 59], [46, 58], [47, 57], [47, 157], [48, 186], [49, 193], [50, 192], [51, 191], [52, 190], [53, 189], [54, 188], [55, 187], [56, 57], [64, 119], [65, 118], [65, 223], [66, 117], [67, 116], [68, 115], [69, 114], [70, 113], [71, 112], [72, 111], [73, 110], [74, 109], [75, 107], [76, 102], [77, 101], [78, 100], [79, 99], [80, 98], [82, 97], [83, 96], [84, 95], [85, 94], [86, 93], [87, 92], [88, 91], [90, 248], [91, 256], [104, 342], [108, 234], [120, 219], [121, 218], [122, 217], [123, 216], [124, 215], [125, 214], [126, 213], [127, 209], [128, 208], [129, 207], [130, 206], [131, 205], [142, 351], [143, 204], [144, 203], [145, 202], [146, 201], [147, 200], [150, 168], [154, 197], [155, 196], [156, 195], [157, 185], [158, 184], [159, 183], [160, 182], [161, 180], [162, 179], [163, 178], [164, 177], [165, 176], [166, 175], [181, 214], [235, 346], [241, 287], [242, 261], [242, 288], [243, 260], [244, 259], [245, 258], [246, 257], [247, 256], [248, 255], [249, 254], [250, 253], [263, 327], [264, 326], [265, 295], [266, 294], [267, 293], [269, 291], [270, 290], [271, 289], [273, 287], [273, 288], [278, 284], [279, 283], [280, 282], [296, 322], [297, 321], [298, 320], [299, 319], [300, 318], [301, 315], [303, 314], [304, 313], [305, 312], [306, 311], [307, 310], [316, 317], [323, 356], [324, 355], [325, 354], [326, 353], [327, 352], [328, 345], [328, 351], [329, 350], [330, 349], [331, 348], [332, 347], [333, 346], [334, 343], [335, 342], [336, 341], [337, 340]]",356
3d2v-1-A,GGGACCAGGGGUGCUUGUUCACAGGCUGAGAAAGUCCCUUUGAACCUGAACAGGGUAAUGCCUGCGCAGGGAGUGUCT,"[[3, 77], [4, 76], [5, 75], [6, 73], [7, 39], [8, 38], [8, 72], [9, 37], [9, 44], [10, 36], [11, 30], [11, 34], [12, 33], [13, 26], [13, 59], [14, 25], [15, 24], [16, 23], [17, 22], [19, 21], [27, 31], [29, 36], [35, 37], [38, 72], [42, 72], [43, 68], [44, 71], [45, 70], [46, 69], [47, 68], [48, 66], [49, 65], [51, 64], [52, 63], [53, 62], [54, 61]]",78
3e5c-1-A,GUUCCCGAAAGGAUGGCGGAAACGCCAGAUGCCUUGUAACCGAAAGGGGGAAUA,"[[1, 53], [2, 52], [3, 51], [4, 50], [5, 49], [6, 48], [7, 54], [8, 36], [9, 31], [9, 35], [10, 34], [11, 33], [12, 32], [13, 28], [14, 27], [15, 26], [16, 25], [17, 24], [18, 23], [19, 22], [31, 36], [38, 48], [40, 47], [41, 46], [42, 45]]",54
3gca-1-A,CUGGGUCGCAGUAACCCCAGUUAACAAAACAAGG,"[[1, 20], [2, 19], [3, 18], [4, 17], [5, 16], [5, 27], [6, 28], [6, 29], [6, 34], [7, 11], [7, 30], [8, 31], [9, 33], [10, 32], [11, 14], [11, 30], [13, 31], [15, 34], [16, 28], [17, 26], [20, 21], [29, 34]]",34
3iab-1-R,GGACUCAGUAAUAUGCUUUGGAAACGAAGCUUACAAAAUGGAGUCC,"[[1, 46], [2, 45], [3, 44], [4, 43], [5, 42], [6, 41], [10, 13], [15, 30], [16, 29], [17, 28], [18, 27], [19, 26], [20, 25], [21, 24]]",46
3icq-1-D,GCGGAUUUAACUCAGUUGGGAGAGCGCGGAGGUCCUGUGUUCGAUCCACAGAAUUCGCACCA,"[[1, 58], [2, 57], [3, 56], [4, 55], [5, 54], [6, 53], [7, 52], [8, 14], [9, 23], [10, 25], [11, 24], [12, 23], [13, 22], [15, 34], [18, 41], [22, 32], [26, 30], [27, 29], [35, 51], [36, 50], [37, 49], [38, 48], [39, 47], [40, 44]]",62
3ivn-1-A,GGCCAGUAUAACCUCAAUGAUAUGGUUUGAGGGUGUCUACCAGGAACCGUAAAAUCCUGACUACUGGUC,"[[1, 69], [2, 68], [3, 67], [4, 66], [5, 65], [6, 64], [7, 63], [8, 62], [9, 39], [10, 33], [12, 32], [13, 31], [14, 30], [15, 29], [16, 28], [17, 27], [18, 26], [20, 53], [21, 24], [21, 52], [22, 51], [24, 48], [24, 52], [25, 47], [25, 53], [33, 40], [35, 38], [35, 61], [37, 62], [41, 59], [42, 58], [43, 57], [44, 56], [45, 55], [48, 52], [49, 50]]",69
3iwn-1-A,CACGCACAGGGCAAACCAUUCGAAAGAGUGGGACGCAAAGCCUCCGGCCUAAACGGCAUUGCACUCCGCCGUAGGUAGCGGGGUUACCGAUGGG,"[[1, 92], [2, 91], [3, 89], [4, 88], [6, 8], [6, 88], [8, 94], [9, 87], [11, 36], [12, 35], [13, 34], [15, 32], [16, 31], [17, 30], [18, 29], [19, 28], [20, 27], [21, 26], [22, 25], [24, 50], [25, 74], [34, 78], [35, 39], [38, 85], [40, 84], [41, 83], [42, 82], [43, 45], [44, 77], [44, 81], [45, 80], [46, 79], [47, 76], [48, 75], [49, 74], [50, 73], [51, 53], [51, 72], [52, 73], [53, 72], [54, 71], [55, 70], [56, 69], [57, 68], [59, 61], [87, 94]]",94
3k0j-1-E,GCGACUCGGGGUGCCCUCCAUUGCACUCCGGAGGCUGAGAAAUACCCGUAUCACCUGAUCUGGAUAAUGCCAGCGUAGGGAAGUCGC,"[[1, 87], [2, 86], [3, 85], [4, 84], [5, 83], [6, 82], [7, 48], [8, 47], [8, 81], [9, 46], [9, 53], [10, 45], [11, 39], [11, 44], [12, 42], [13, 35], [13, 68], [14, 34], [15, 33], [17, 32], [18, 31], [19, 30], [21, 23], [36, 40], [38, 45], [50, 81], [53, 80], [54, 79], [55, 78], [56, 77], [57, 75], [58, 74], [60, 73], [61, 72], [62, 71], [63, 70], [64, 68], [65, 67]]",87
3ktw-1-C,AGAUAGUCGUGGGUUCCCUUUCUGGAGGGAGAGGGAAUUCCACGUUGACCGGGGGAACCGGCCAGGCCCGGAAGGGAGCAACCGUGCCCGGCUAUC,"[[2, 96], [3, 95], [4, 94], [6, 91], [6, 92], [7, 45], [8, 44], [9, 43], [10, 42], [11, 41], [12, 40], [13, 38], [14, 37], [15, 36], [16, 35], [17, 34], [18, 33], [19, 32], [20, 31], [21, 30], [22, 29], [23, 28], [24, 27], [26, 73], [26, 74], [27, 74], [39, 59], [39, 84], [49, 50], [50, 90], [51, 89], [52, 88], [53, 87], [54, 86], [55, 84], [56, 85], [59, 84], [60, 83], [61, 82], [62, 81], [63, 79], [63, 80], [64, 79], [65, 78], [66, 77], [67, 76], [68, 75], [69, 74], [70, 73], [93, 94]]",96
3moj-1-A,GGCUCAUCACAUCCUGGGGCUGGAAACGGUCCCAAGGGUAUGGCUGUUCGCCAUUUAAAGUGGUAGCUA,"[[1, 68], [1, 69], [2, 67], [3, 66], [6, 64], [7, 63], [8, 62], [9, 61], [10, 60], [11, 39], [12, 38], [13, 37], [14, 36], [14, 58], [15, 35], [16, 33], [17, 32], [18, 31], [19, 30], [20, 29], [21, 28], [22, 27], [23, 26], [37, 58], [40, 54], [41, 53], [42, 52], [43, 51], [44, 50]]",69
3owi-1-A,GGCUCUGGAGAGAACCGUUUAAUCGGUCGCCGAAGGAGCAAGCUCUGCGGAAACGCAGAGUGAAACUCUCAGGCAAAAGGACAGAGUC,"[[1, 88], [2, 87], [3, 86], [4, 85], [5, 84], [6, 83], [7, 82], [8, 81], [9, 80], [10, 79], [11, 73], [12, 28], [14, 27], [15, 26], [16, 25], [17, 24], [29, 74], [30, 73], [31, 72], [32, 71], [34, 71], [35, 70], [36, 68], [37, 67], [38, 66], [39, 64], [41, 62], [42, 61], [43, 60], [44, 59], [45, 58], [46, 57], [47, 56], [48, 55], [49, 54], [50, 53], [69, 70]]",88
3pdr-1-X,GGGCUUCGUUAGGUGAGGCUCCUGUAUGGAGAUACGCUGCUGCCCAAAAAUGUCCAAAGACGCCAAUGGGUCAACAGAAAUCAUCGACAUAAGGUGAUUUUUAAUGCAGCUGGAUGCUUGUCCUAUGCCAUACAGUGCUAAAGCUCUACGAUUGAAGCCCA,"[[1, 160], [2, 159], [3, 158], [4, 157], [5, 156], [6, 155], [7, 154], [8, 57], [8, 149], [9, 148], [10, 92], [11, 146], [12, 145], [13, 144], [14, 143], [15, 142], [16, 140], [17, 139], [18, 138], [19, 137], [20, 21], [20, 136], [21, 136], [22, 135], [23, 134], [24, 133], [25, 132], [26, 131], [27, 130], [28, 129], [29, 128], [30, 127], [31, 126], [32, 124], [35, 111], [35, 127], [36, 110], [37, 109], [38, 108], [39, 107], [40, 106], [41, 104], [42, 71], [43, 70], [44, 69], [45, 68], [46, 67], [48, 64], [49, 63], [50, 63], [51, 62], [52, 61], [53, 60], [54, 59], [54, 91], [55, 58], [58, 91], [59, 92], [68, 76], [70, 103], [73, 102], [74, 137], [77, 101], [78, 100], [79, 99], [80, 98], [81, 97], [82, 96], [83, 95], [84, 94], [85, 93], [86, 92], [87, 153], [89, 153], [93, 141], [112, 123], [113, 122], [114, 121], [150, 151]]",161
3q3z-1-V,GCGCGGAAACAAUGAUGAAUGGGUUUAAAUUGGGCACUUGACUCAUUUUGAGUUAGUAGUGCAACCGACCGUGCUGG,"[[1, 74], [2, 73], [3, 72], [4, 71], [5, 70], [6, 69], [7, 68], [8, 54], [9, 53], [10, 52], [14, 51], [15, 50], [16, 49], [17, 48], [18, 47], [19, 46], [20, 45], [21, 44], [22, 43], [23, 42], [24, 41], [25, 40], [28, 39], [28, 40], [31, 63], [32, 66], [33, 65], [34, 62], [35, 61], [36, 60], [37, 59], [38, 58], [55, 62], [56, 61], [64, 65], [64, 66], [67, 76]]",77
3r4f-1-A,GGCGUGUAUGUGGGGAAACCCUGAUUGAGUUCAGCCCACAUACUUUGUUGAUGGUUGUCAAUCGCC,"[[1, 66], [2, 65], [3, 64], [4, 63], [5, 44], [6, 43], [7, 42], [8, 41], [9, 40], [10, 39], [11, 38], [12, 37], [13, 36], [14, 35], [21, 34], [22, 33], [23, 32], [24, 31], [25, 30], [26, 28], [47, 62], [48, 61], [49, 60], [50, 59], [51, 58], [52, 57]]",66
3r9x-1-C,CAACCGUAGGGGAACCUGCGGUUGGAUCACCUCCU,"[[1, 24], [2, 23], [3, 22], [4, 21], [5, 20], [6, 19], [7, 18], [8, 17], [9, 16], [10, 15], [10, 16], [11, 13], [11, 15], [14, 15]]",35
3ski-1-A,GGCCUUAUACAGGGUAGCAUAAUGGGCUACUGACCCCGCCUUCAAACCUAUUUGGAGACUAUAAGGUCG,"[[1, 68], [2, 67], [3, 66], [4, 65], [5, 64], [6, 63], [7, 62], [8, 61], [9, 60], [10, 38], [11, 32], [12, 13], [12, 31], [13, 31], [14, 30], [15, 29], [16, 28], [17, 27], [18, 26], [21, 24], [24, 48], [25, 47], [32, 39], [36, 60], [37, 69], [40, 57], [41, 56], [42, 55], [43, 54], [44, 53], [45, 52], [46, 51], [59, 69]]",69
3suh-1-X,GGACAGAGUAGGUAAACGUGCGUAAAGUGCCUGAGGGACGGGGAGUUGUCCUCAGGACGAACACCGAAAGGUGGCGGUACGUUUACCGCAUCUCGCUGUUC,"[[10, 88], [11, 87], [12, 86], [13, 85], [14, 84], [15, 83], [16, 82], [17, 81], [18, 80], [19, 79], [20, 78], [21, 76], [22, 25], [22, 75], [23, 74], [26, 60], [26, 76], [27, 59], [29, 57], [30, 56], [31, 55], [32, 54], [33, 53], [34, 52], [35, 51], [36, 50], [37, 49], [38, 47], [39, 46], [41, 94], [42, 93], [43, 92], [44, 91], [61, 74], [62, 73], [63, 72], [64, 71], [65, 70], [66, 69]]",101
3u4m-1-B,GGGAUGCGUAGGAUAGGUGGGAGCCUGUGAACCCCCGCCUCCGGGUGGGGGGGAGGCGCCGGUGAAAUACCACCCUUCCC,"[[1, 80], [2, 79], [3, 78], [4, 77], [5, 76], [6, 75], [7, 43], [8, 65], [9, 66], [10, 15], [10, 63], [11, 67], [13, 62], [13, 68], [14, 44], [15, 64], [16, 74], [17, 73], [18, 72], [19, 71], [20, 70], [21, 69], [22, 58], [23, 57], [23, 69], [24, 56], [25, 55], [29, 54], [30, 53], [31, 52], [32, 51], [33, 50], [34, 49], [35, 48], [36, 47], [37, 46], [38, 45], [39, 44], [40, 43], [62, 68], [63, 67]]",80
3w3s-1-B,GGGAGAGGUUGGCCGGCUGGUGCCGCCCCGGGACUUCAAAUCCCGUGGGAGGUCCCGCAAGGGAGCUCCGGAGGGUUCGAUUCCCUCCCUCUCCCGCC,"[[1, 95], [2, 94], [3, 93], [4, 92], [5, 91], [6, 90], [7, 89], [8, 88], [9, 23], [11, 27], [12, 26], [14, 25], [15, 24], [16, 23], [17, 22], [18, 81], [19, 77], [20, 21], [20, 78], [22, 70], [28, 47], [29, 45], [30, 44], [31, 43], [32, 42], [33, 41], [34, 40], [48, 69], [49, 68], [50, 67], [51, 66], [52, 65], [53, 64], [54, 63], [55, 62], [56, 61], [57, 60], [71, 87], [72, 86], [73, 85], [74, 84], [75, 83], [76, 80]]",98
4c7o-1-E,UGUUGGUUCUCCCGCAACGCGGAAGCGUGUGCCGGGAUGUAGCUGGCA,"[[1, 48], [2, 47], [3, 46], [4, 45], [5, 44], [6, 43], [7, 42], [8, 41], [9, 39], [10, 37], [11, 36], [12, 35], [13, 34], [14, 32], [15, 31], [16, 30], [17, 28], [18, 27], [19, 26], [20, 25], [21, 24]]",48
4fnj-1-A,CUGCUGGCUAAGGCAUGAAAGUGCUAUGCCUGCUG,"[[1, 35], [2, 34], [3, 33], [4, 32], [5, 31], [6, 30], [7, 29], [8, 28], [9, 26], [10, 11], [11, 27], [12, 25], [13, 24], [14, 23], [15, 22], [16, 21], [17, 20]]",35
4gcw-1-B,GCUUCCAUAGCUCAGCAGGUAGAGCAGUCAGCGGUUCGAGCCCGCUUGGAAGCUU,"[[1, 53], [2, 52], [3, 51], [4, 50], [5, 49], [6, 48], [7, 47], [8, 14], [8, 21], [8, 29], [11, 24], [15, 29], [16, 40], [18, 36], [19, 20], [19, 37], [22, 27], [30, 46], [31, 45], [32, 44], [33, 43], [34, 42], [35, 39]]",55
4gxy-1-A,GGCGGCAGGUGCUCCCGACGUCGGGAGUUAAAAGGGAAGCCGGUGCAAGUCCGGCACGGUCCCGCCACUGUGACGGGGAGUCGCCCCUCGGGAUGUGCCACUGGCCGGCCGGGAAGGCGGAGGGGCGGCGAGGAUCCGGAGUCAGGAAACCUGCCUGCCGUC,"[[1, 162], [2, 161], [3, 160], [4, 159], [5, 158], [6, 157], [7, 156], [8, 155], [9, 31], [9, 154], [10, 153], [11, 34], [11, 150], [11, 151], [12, 27], [13, 26], [14, 25], [15, 25], [16, 24], [17, 22], [18, 21], [28, 32], [33, 148], [33, 152], [34, 151], [35, 150], [37, 58], [38, 141], [39, 55], [40, 54], [41, 53], [42, 52], [43, 51], [44, 48], [45, 73], [49, 140], [49, 143], [50, 71], [56, 142], [57, 141], [58, 66], [59, 65], [67, 146], [68, 145], [69, 144], [70, 143], [71, 140], [74, 138], [75, 137], [76, 136], [77, 135], [78, 134], [79, 133], [80, 129], [81, 128], [82, 127], [83, 126], [84, 125], [85, 124], [86, 123], [88, 121], [89, 120], [95, 119], [97, 118], [98, 117], [99, 116], [100, 113], [101, 112], [102, 111], [103, 110], [104, 109], [105, 108], [106, 107], [114, 146], [115, 145], [130, 131]]",162
4jrc-1-A,GGAACCCUCUCUUCCGAAGCGAGCCGGGGGCGGUGGGAGCCCGGUGAAGACGGUUCC,"[[1, 57], [2, 56], [3, 55], [4, 54], [5, 53], [6, 52], [7, 50], [8, 52], [9, 52], [10, 50], [11, 49], [12, 48], [13, 47], [14, 46], [17, 37], [18, 22], [19, 38], [20, 32], [20, 39], [21, 33], [22, 35], [23, 45], [24, 44], [25, 43], [26, 42], [27, 41], [28, 40], [34, 38]]",57
4kr6-1-C,GCCCGGAUAGUGUCCUUGGGAAACCAAGUCCGGGCACCA,"[[1, 35], [2, 34], [3, 33], [4, 32], [5, 31], [6, 30], [7, 29], [8, 28], [16, 27], [17, 26], [18, 19], [18, 25], [19, 24]]",39
4kzd-1-R,GGACGCGACCGAAAUGGUGAAGGACGGGUCCAGUGCGAAACACGCACUGUUGAGUAGAGUGUGAGCUCCGUAACUGGUCGCGUC,"[[2, 84], [3, 83], [4, 82], [5, 81], [6, 80], [7, 79], [8, 78], [9, 77], [10, 76], [11, 74], [12, 73], [13, 72], [14, 71], [15, 70], [16, 69], [17, 68], [18, 67], [19, 66], [20, 65], [21, 64], [22, 26], [22, 57], [23, 27], [23, 54], [25, 63], [26, 61], [27, 59], [29, 53], [30, 52], [31, 49], [32, 48], [33, 47], [34, 46], [35, 45], [36, 44], [37, 43], [39, 42], [50, 53], [54, 59], [55, 62], [57, 61]]",84
4lvw-1-A,GGAGAGUAGAUGAUUCGCGUUAAGUGUGUGUGAAUGGGAUGUCGUCACACAACGAAGCGAGAGCGCGGUGAAUCAUUGCAUCCGCUCCAGG,"[[1, 88], [2, 87], [3, 86], [4, 85], [5, 84], [6, 37], [7, 90], [8, 44], [8, 78], [9, 77], [10, 76], [11, 75], [12, 74], [13, 73], [14, 72], [15, 71], [16, 70], [17, 69], [18, 67], [19, 22], [19, 66], [20, 65], [23, 55], [23, 67], [24, 54], [25, 91], [26, 52], [27, 51], [28, 50], [29, 49], [30, 48], [31, 47], [32, 46], [33, 45], [34, 44], [35, 42], [35, 90], [37, 83], [38, 82], [39, 81], [40, 80], [41, 79], [42, 90], [53, 91], [56, 65], [57, 64], [58, 63], [59, 62]]",91
4m4o-1-B,GGGUUCAUCAGGGCUAAAGAGUGCAGAGUUACUUAGUUCACUGCAGACUUGACGAACCC,"[[1, 59], [2, 58], [3, 57], [4, 56], [5, 55], [6, 54], [7, 53], [8, 52], [9, 51], [10, 50], [11, 49], [12, 48], [13, 47], [14, 46], [15, 45], [18, 22], [19, 38], [23, 44], [24, 43], [25, 42], [26, 41], [28, 39], [28, 40], [30, 32], [30, 35], [31, 39], [32, 36], [33, 35]]",59
4o26-1-E,GGAACGCCGCGGUCAGCUCGGCUGCUGCGAAGAGUCUCUGUUGUUCC,"[[1, 47], [2, 46], [3, 45], [4, 44], [5, 8], [5, 29], [7, 44], [8, 29], [8, 44], [9, 28], [10, 27], [11, 26], [12, 25], [14, 24], [15, 23], [16, 22], [17, 21], [30, 40], [31, 39], [32, 38], [33, 37], [34, 36]]",47
4oji-1-A,CCGCCUAACACUGCCAGCCGGUCCCAAGCCCGGAUAAAAGUGGAGGGGGCGG,"[[1, 52], [2, 51], [3, 50], [4, 49], [5, 48], [8, 43], [9, 42], [10, 41], [11, 40], [12, 39], [13, 29], [14, 28], [15, 17], [15, 37], [17, 37], [18, 33], [19, 32], [20, 31], [21, 30], [22, 27], [23, 47], [24, 46], [25, 45], [26, 44], [28, 38], [34, 37]]",52
4oqu-1-A,GGAUCACGAGGGGGAGACCCCGGCAACCUGGGACGGACACCCAAGGUGCUCACACCGGAGACGGUGGAUCCGGCCCGAGAGGGCAACGAAGGUCCGAA,"[[1, 71], [2, 70], [3, 69], [4, 68], [5, 67], [8, 24], [9, 23], [9, 49], [10, 21], [11, 20], [12, 19], [13, 18], [14, 17], [22, 50], [23, 49], [24, 48], [25, 98], [26, 27], [27, 46], [28, 45], [29, 44], [30, 42], [31, 41], [31, 90], [32, 40], [34, 96], [35, 95], [36, 94], [37, 93], [38, 92], [42, 87], [43, 44], [45, 72], [47, 98], [53, 66], [54, 65], [55, 64], [56, 63], [57, 62], [58, 61], [72, 85], [73, 84], [74, 83], [75, 82], [76, 81], [77, 80]]",98
4pdb-1-I,GGGAUGCUCAGUGAUCCUUCGGGAUAUCAGGGCAUCCC,"[[1, 38], [2, 37], [3, 36], [4, 35], [5, 34], [6, 33], [7, 32], [8, 31], [9, 30], [10, 29], [11, 13], [12, 14], [12, 25], [13, 28], [14, 25], [14, 27], [15, 24], [15, 26], [16, 23], [17, 22], [18, 21], [25, 27]]",38
4plx-1-A,GGAAGGUUUUUCUUUUCCUGAGGCGAAAGUCUCAGGUUUUGCUUUUUGGCCUUUCUUAAAAAAAAAAAAAGCAAAA,"[[2, 54], [3, 53], [4, 52], [5, 51], [6, 50], [6, 65], [7, 66], [8, 67], [9, 68], [10, 69], [11, 70], [12, 71], [13, 73], [14, 74], [15, 75], [16, 76], [17, 36], [18, 35], [19, 34], [20, 33], [21, 32], [22, 31], [23, 30], [24, 29], [25, 28], [37, 76], [38, 75], [39, 74], [40, 73], [41, 72], [42, 71], [43, 70], [44, 69], [45, 68], [46, 67], [47, 66], [51, 64]]",76
4pmi-1-A,GGGAGUAUAUGGGCGCACUUCGGUGACGGUACAGGCUCCU,"[[1, 40], [2, 39], [3, 38], [4, 37], [5, 36], [6, 35], [9, 34], [10, 33], [11, 32], [12, 31], [13, 29], [14, 28], [15, 27], [16, 25], [17, 24], [18, 23], [19, 22]]",40
4pqv-1-A,GGGUCAGAUCGGCGAAAGUCGCCACUUCGCCGAGGAGUGCAAUCUGUGAGGCCCCAGGAGGACUGGGU,"[[3, 40], [4, 24], [5, 46], [6, 45], [7, 44], [8, 43], [9, 42], [10, 21], [11, 20], [12, 19], [13, 18], [14, 17], [23, 39], [24, 38], [25, 37], [26, 36], [27, 35], [28, 34], [47, 49], [53, 67], [54, 66], [55, 65], [56, 64], [57, 63], [58, 62], [66, 68]]",68
4qk9-1-A,CGCUGAAUUCCCUGAAGGGAAACGGGGGACCCAAUGGGGUGAAUCCCACGUAAGUGGGUAGGGCUAGUCUCUUUCGGCCCGAACCCGUCAGCUAACCUCGUAAGCGUGGAAAGAGGGAA,"[[1, 66], [1, 106], [2, 105], [2, 118], [3, 104], [4, 103], [5, 102], [6, 100], [8, 21], [9, 20], [10, 19], [11, 18], [12, 17], [22, 101], [23, 100], [24, 99], [25, 98], [26, 97], [27, 96], [28, 95], [29, 93], [31, 92], [32, 91], [36, 87], [36, 89], [37, 86], [37, 90], [38, 85], [38, 119], [39, 84], [40, 83], [41, 82], [42, 61], [44, 59], [45, 58], [46, 57], [47, 56], [48, 55], [49, 54], [50, 53], [60, 81], [61, 80], [62, 79], [63, 78], [64, 77], [65, 76], [66, 107], [68, 69], [69, 115], [70, 114], [71, 113], [72, 112], [73, 111], [74, 110], [75, 109], [86, 90], [106, 107]]",119
4r4p-1-A,GGCGCUGUGUCGCAAUCUGCGAAGGGCGUCGUCGGCCCGAGCGGUAGUAAGCAGGGAACUCACCUCCAAUGAAACACAUUGUCGUAGCAGUUGACUACUGUUAUGUGAUUGGUAGAGGCUAAGUGACGGUAUUGGCGUAAGCCAAUACCGCGGCACAGCACAAGCCCGCUUGCGAGAUUACAGCGC,"[[2, 186], [3, 185], [4, 184], [5, 183], [6, 182], [7, 181], [8, 180], [9, 178], [10, 177], [11, 176], [14, 46], [15, 45], [15, 174], [16, 175], [17, 44], [18, 43], [19, 42], [20, 41], [21, 40], [24, 38], [25, 37], [26, 36], [27, 35], [28, 34], [29, 32], [47, 173], [48, 172], [49, 171], [50, 170], [51, 169], [52, 168], [53, 121], [54, 167], [55, 166], [56, 165], [57, 164], [59, 117], [60, 116], [60, 162], [61, 115], [62, 113], [63, 112], [64, 111], [65, 110], [66, 109], [67, 81], [68, 80], [68, 107], [69, 79], [70, 78], [71, 77], [81, 108], [82, 109], [84, 104], [85, 103], [86, 102], [87, 101], [88, 100], [89, 99], [90, 98], [92, 95], [117, 163], [118, 159], [119, 158], [120, 157], [123, 156], [124, 155], [125, 154], [126, 153], [127, 150], [128, 149], [129, 148], [130, 147], [131, 146], [132, 145], [133, 144], [134, 143], [135, 142], [136, 141], [137, 140]]",186
4rdx-1-C,GGUGAGCGUAGCUCAGCUGGUUAGAGCACCGGACUGUGGUCCGGGGGUCGUGGGUUCAAGUCCCAUCGCUCACCCCA,"[[1, 74], [2, 73], [3, 72], [4, 71], [5, 70], [6, 69], [7, 68], [8, 67], [9, 15], [9, 23], [10, 25], [11, 27], [11, 46], [12, 26], [13, 25], [14, 24], [16, 49], [18, 59], [19, 56], [20, 57], [24, 47], [28, 45], [29, 44], [30, 43], [31, 42], [32, 41], [33, 40], [36, 37], [50, 66], [51, 65], [52, 64], [53, 63], [54, 62], [55, 59]]",77
4rge-1-A,UUUUUAAUGAAGCCACAGGCCUGUGAGGGUCCUAAGCCCCUAAUUCAGAAGGGAAA,"[[1, 50], [2, 55], [3, 54], [4, 49], [7, 48], [8, 47], [9, 46], [10, 45], [11, 44], [12, 37], [13, 36], [14, 25], [14, 42], [15, 24], [16, 23], [17, 22], [18, 21], [19, 20], [25, 42], [26, 41], [27, 40], [28, 39], [29, 38], [30, 35], [31, 52], [32, 51], [33, 50], [34, 49], [36, 43], [41, 42], [41, 43]]",56
4rmo-1-B,AAGUUUACCACUGACCGAUAUGUGGUAUAUAAAUGGUCGGGUUGA,"[[7, 26], [8, 25], [8, 27], [9, 24], [10, 23], [10, 31], [11, 22], [12, 20], [14, 41], [15, 40], [16, 39], [17, 38], [18, 37], [19, 36], [24, 31], [25, 29], [26, 27]]",45
4rzd-1-A,GAGCAACUUAGGAUUUUAGGCUCCCCGGCGUGUCGAACCAUGCCGGGCCAAACCCAUAGGGCUGGCGGUCCCUGUGCGGUCAAAAUUCAUCCGCCGGAGG,"[[1, 23], [2, 22], [3, 21], [4, 20], [5, 19], [6, 18], [7, 100], [8, 83], [9, 84], [10, 85], [11, 88], [12, 87], [13, 86], [14, 85], [15, 84], [16, 83], [17, 100], [24, 47], [25, 46], [26, 45], [27, 44], [28, 43], [29, 42], [30, 41], [31, 40], [32, 39], [33, 38], [51, 81], [52, 80], [53, 79], [54, 78], [55, 76], [56, 75], [57, 74], [58, 73], [59, 72], [60, 71], [61, 70]]",100
4u7u-1-L,AUAAACCGGGCUCCCUGUCGGUUGUAAUUGAUAAUGUUGAGAGUUCCCCGCGCCAGCGGGG,"[[8, 9], [20, 21], [46, 61], [47, 60], [48, 59], [49, 58], [50, 57], [51, 56], [52, 55]]",61
4uyk-1-R,GGGGCUAGGCCGGGGGGUUCGGCGUCCCCUGUAACCGGAAACCGCCGAUAUGCCGGGGCCGAAGCCCGAGGGGCGGUUCCCGAAGCCGCCUCUGUAAGGAGGCGGUGGAGGGUUCCCACCCUCGGGCGUGCCUC,"[[1, 134], [2, 133], [3, 132], [4, 131], [5, 130], [6, 62], [7, 61], [8, 60], [8, 63], [9, 59], [10, 34], [10, 58], [11, 57], [12, 30], [13, 29], [14, 28], [15, 27], [16, 26], [17, 25], [18, 41], [20, 47], [21, 46], [21, 50], [22, 45], [23, 44], [24, 40], [24, 43], [25, 41], [35, 56], [36, 55], [37, 54], [38, 53], [39, 52], [44, 52], [47, 48], [63, 128], [64, 127], [65, 126], [66, 125], [67, 124], [68, 123], [69, 122], [70, 121], [71, 120], [72, 119], [73, 118], [74, 117], [75, 116], [76, 115], [77, 114], [78, 113], [79, 112], [80, 111], [81, 110], [82, 109], [83, 108], [84, 107], [85, 106], [86, 105], [87, 104], [88, 103], [89, 102], [90, 101], [91, 100], [92, 99], [93, 98], [94, 96], [95, 96]]",134
4v2s-1-Q,AUGUAGACCCGUCCUUCGCCUGCGUCACGGGUCCUGGUUAGACGCAGGCGUUUUCUG,"[[5, 35], [6, 33], [7, 32], [8, 31], [9, 30], [10, 29], [11, 28], [12, 27], [17, 50], [18, 49], [19, 48], [20, 47], [21, 46], [22, 45], [23, 44], [24, 43], [25, 42], [26, 41]]",57
4v51-1-AW,GCCCGGAUAGCUCAGUCGGUAGAGCAGGGGAUUGAAAAUCCCCGUGUCCUUGGUUCGAUUCCGAGUCCGGGCACCA,"[[1, 72], [2, 71], [3, 70], [4, 69], [5, 68], [6, 67], [7, 66], [8, 14], [9, 11], [9, 23], [10, 25], [11, 24], [12, 23], [13, 22], [14, 21], [15, 48], [18, 55], [19, 56], [22, 46], [26, 44], [27, 43], [28, 42], [28, 43], [29, 41], [30, 40], [31, 39], [32, 38], [49, 65], [50, 64], [51, 63], [52, 62], [53, 61], [54, 58]]",76
4v7l-1-AY,UGGGGUAUCGCCAAGCGGUAAGGCACCGGAUUGUGAUUCCGGCUUUCCGAGGUUCGAAUCCUCGUACCCCAGCCA,"[[1, 71], [2, 70], [3, 69], [4, 68], [5, 67], [6, 66], [8, 14], [8, 20], [9, 21], [9, 45], [10, 24], [10, 43], [11, 24], [12, 23], [14, 20], [15, 47], [19, 59], [26, 42], [27, 41], [28, 40], [29, 39], [30, 39], [49, 63], [50, 62], [53, 57], [53, 60]]",75
4v83-1-AV,UCGCUCAAACAUUAAGUGGUGUUGUGCGACACUUA,"[[1, 29], [2, 28], [3, 27], [4, 26], [5, 25], [6, 24], [8, 23], [9, 22], [10, 21], [11, 20], [12, 19], [14, 34], [15, 33], [16, 32], [17, 31], [18, 30]]",35
4wf9-1-Y,UCUGGUGACUAUAGCAAGGAGGUCACACCUGUUCCCAUGCCGAACACAGAAGUUAAGGUCUUUAGCGACGAUGGUAGCCAACUUACGUUCCGCUAGAGUAGAACGUUGCCAGGC,"[[1, 2], [2, 113], [3, 112], [4, 111], [5, 110], [6, 109], [7, 108], [8, 107], [11, 67], [14, 66], [15, 65], [15, 105], [16, 63], [17, 62], [18, 61], [19, 60], [20, 59], [21, 58], [22, 25], [22, 57], [22, 58], [26, 54], [26, 57], [27, 53], [27, 56], [28, 50], [28, 52], [28, 55], [29, 49], [29, 51], [30, 48], [31, 47], [32, 46], [34, 47], [35, 46], [36, 42], [37, 44], [38, 43], [42, 45], [49, 51], [53, 55], [54, 56], [64, 66], [65, 105], [68, 103], [69, 102], [70, 101], [71, 100], [73, 98], [74, 97], [75, 96], [75, 97], [76, 95], [77, 94], [78, 93], [79, 92], [80, 91], [81, 90], [82, 89], [83, 88], [84, 86]]",114
4wfl-1-A,GGCCGUGCUAAGCGGGGAGGUAGCGGUGCCCUGUACCUGCAAUCCGCUCUAGCAGGGCCGAAUCCCUUCUCGAGGUUCGGUAACGAAUCGACAGAAGGUGCACGGUC,"[[2, 106], [3, 105], [4, 104], [5, 103], [6, 102], [7, 101], [8, 100], [9, 61], [10, 60], [10, 62], [11, 59], [12, 58], [13, 57], [14, 32], [15, 31], [16, 30], [17, 29], [18, 28], [19, 27], [20, 26], [21, 24], [22, 48], [23, 47], [23, 51], [24, 46], [25, 45], [25, 52], [26, 41], [26, 44], [33, 35], [36, 56], [37, 55], [38, 54], [39, 53], [40, 52], [62, 99], [65, 98], [66, 97], [67, 96], [68, 95], [69, 94], [70, 93], [71, 92], [72, 91], [73, 90], [74, 89], [75, 88], [76, 87], [77, 86], [78, 85], [79, 84], [80, 83]]",107
4x0b-1-B,GGGCCAGGUAGCUCAGUUGGUAGAGCACUGGACUGAAAAUCCAGGUGUCGGCGGUUCGAUUCCGCCCCUGGCCCACC,"[[1, 74], [2, 73], [3, 72], [4, 71], [5, 70], [6, 69], [7, 68], [8, 67], [9, 15], [10, 13], [10, 14], [10, 24], [11, 26], [12, 25], [13, 24], [14, 23], [16, 49], [19, 56], [20, 57], [23, 47], [28, 44], [29, 43], [30, 42], [31, 41], [33, 38], [33, 39], [50, 66], [51, 65], [52, 64], [53, 63], [54, 62], [55, 59]]",77
4x4p-1-B,GGCCGCGGCAGGUUCGAGUCCUGCCGCGAUCGCCAC,"[[1, 34], [2, 33], [3, 32], [4, 28], [5, 27], [6, 26], [7, 25], [8, 24], [9, 23], [10, 22], [11, 21], [12, 20]]",36
4y1j-1-A,AAAGGGGAGUAGCGUCGGGAAACCGAAACAAAGUCGUCUAUUCGUGAGGAAACUCACCGGCUUUGUUGACAUACGAAAGUAUGUUUAGCAAGACCUUUCCG,"[[1, 98], [2, 97], [3, 96], [4, 95], [5, 94], [6, 93], [7, 92], [8, 59], [9, 10], [10, 91], [11, 90], [12, 89], [13, 88], [14, 86], [14, 87], [15, 26], [16, 25], [17, 24], [18, 23], [19, 22], [27, 67], [28, 66], [29, 65], [30, 64], [31, 63], [32, 62], [33, 61], [34, 60], [35, 59], [36, 37], [36, 58], [44, 57], [45, 56], [46, 55], [47, 54], [48, 49], [48, 53], [68, 85], [69, 84], [70, 83], [71, 82], [72, 81], [73, 80], [74, 79], [75, 78], [99, 101]]",101
4y1m-1-B,GAUUUGGGGAGUAGCCGAUUUCCGAAAGGAAAUGUACGUGUCAACAUUUUCGUUGAAAAACGUGGCACGUACGGACUGAAGAAAUUCAGUCAGGCGAGACCAUAUCCG,"[[1, 106], [2, 105], [3, 104], [4, 103], [5, 102], [6, 101], [7, 47], [7, 100], [8, 99], [9, 98], [10, 64], [11, 12], [12, 97], [13, 96], [14, 95], [15, 94], [16, 93], [18, 33], [19, 32], [20, 31], [21, 30], [22, 29], [23, 28], [24, 27], [34, 72], [35, 71], [36, 70], [37, 69], [38, 68], [39, 67], [40, 66], [41, 65], [42, 64], [43, 63], [47, 100], [51, 62], [52, 61], [53, 60], [54, 59], [55, 58], [73, 92], [74, 91], [75, 90], [76, 89], [77, 88], [78, 87], [79, 86], [80, 85], [81, 84], [107, 108]]",108
4ycp-1-B,GCGUAGUUCAAUUGGUAGAGCACCGGUCAAAACCGGGGUGGGAGUUCGAGUCUCUCCGCC,"[[1, 59], [2, 58], [3, 57], [4, 10], [4, 17], [5, 19], [6, 21], [6, 37], [7, 20], [7, 37], [8, 19], [9, 18], [10, 17], [11, 39], [14, 46], [15, 16], [15, 47], [18, 38], [20, 37], [23, 36], [24, 35], [25, 34], [26, 33], [27, 32], [28, 31], [40, 56], [41, 55], [42, 54], [43, 53], [44, 52], [45, 49]]",60
5bjo-1-E,GGCGCGAGGAAGGAGGUCUGAGGAGGUCACUGCGCC,"[[1, 36], [2, 35], [3, 34], [4, 33], [5, 32], [8, 9], [9, 18], [12, 15], [12, 25], [13, 16], [13, 26], [15, 22], [16, 23], [17, 21], [18, 20], [20, 28], [21, 27], [22, 25], [23, 26]]",36
5btp-1-B,GUUAUAUGACUGACGGAACGUGGAAUUAACCACAUGAAGUAUAAAUGCCGACCGUCUGGGCG,"[[2, 44], [3, 43], [4, 42], [5, 41], [6, 40], [7, 39], [8, 38], [9, 37], [10, 36], [11, 35], [12, 29], [12, 56], [13, 55], [14, 54], [15, 53], [16, 52], [20, 33], [21, 32], [22, 31], [23, 30], [47, 61], [48, 60], [49, 59], [50, 58]]",62
5de5-1-A,GCUGCGGUGUGGAAGGAGUGGCUGGGUUGCGCAGC,"[[1, 35], [2, 34], [3, 33], [4, 32], [5, 31], [6, 9], [6, 18], [7, 30], [8, 17], [8, 29], [9, 26], [11, 15], [11, 24], [12, 16], [12, 25], [15, 20], [16, 21], [18, 26], [20, 24], [21, 25]]",35
5e6m-1-C,GCGCCGCUGGUGUAGUGGUAUCAUGCAAGAUUCCCAUUCUUGCGACCCGGGUUCGAUUCCCGGGCGGCGCACCA,"[[1, 70], [2, 69], [3, 68], [4, 67], [5, 66], [6, 65], [7, 64], [8, 14], [8, 20], [9, 22], [9, 23], [10, 24], [10, 44], [11, 23], [12, 22], [13, 21], [14, 20], [15, 46], [16, 57], [17, 53], [18, 54], [21, 45], [24, 44], [25, 43], [26, 42], [27, 41], [28, 40], [29, 39], [30, 38], [31, 37], [47, 63], [48, 62], [49, 61], [50, 60], [51, 59], [52, 56]]",74
5e7k-1-3K,GGGUCGUUAGCUCAGUUGGUAGAGCAGUUGACUUUUAAUCAAUUGGUCGCAGGUUCGAAUCCUGCACGACCCACCA,"[[1, 72], [2, 71], [3, 70], [4, 69], [5, 68], [6, 66], [6, 67], [7, 49], [8, 14], [8, 46], [9, 11], [9, 24], [10, 25], [11, 24], [11, 25], [12, 23], [13, 22], [18, 54], [18, 58], [21, 48], [22, 46], [27, 43], [28, 42], [29, 41], [30, 40], [31, 39], [32, 38], [49, 64], [49, 65], [50, 64], [51, 63], [52, 62], [53, 62], [54, 58], [55, 58]]",76
5j01-1-A,GUGUGCCCGGCAUGGGUGCAGUCUAUAGGGUGAGAGUCCCGAACUGUGAAGGCAGAAGUAACAGUUAGCCUAACGCAACUGCGCCGUGGCGACAUGGCGUGGGAAGGAAGCGGACGGCAAACCUUCGGUCUGAGGAACACGAACUUCAUAUGAGGCUAGGUAUCAAUGGAUGAGUUUGCAUAACAAAACAAAGUCCUUUCUGCCAAAGUUGGUACAGAGUAAAUGAAGCAGAUUGAUGAAGGGAAAGACUGCAUUCUUACCCGGGGAGGUCUGGAAACAGAAGUCAGCAGAAGUCAUAGUACCCUGUUCGCAGGGGAAGGACGGAACAAGUAUGGCGUUCGCGCCUAAGCUUGAACCGCCGUAUACCGAACGGUACGUACGGUGGUGUGGCAGGGGCGCGCCCCCUAUGCCGAU,"[[1, 413], [2, 375], [3, 260], [4, 106], [5, 259], [6, 265], [7, 264], [8, 263], [9, 262], [10, 261], [11, 107], [12, 257], [14, 256], [15, 255], [16, 254], [17, 253], [18, 252], [19, 251], [20, 250], [21, 249], [22, 248], [23, 247], [24, 120], [24, 246], [26, 42], [27, 41], [28, 40], [29, 39], [30, 38], [31, 35], [32, 244], [43, 65], [44, 64], [45, 63], [46, 62], [47, 61], [48, 60], [49, 59], [49, 168], [50, 197], [51, 204], [52, 203], [53, 202], [54, 201], [55, 200], [56, 199], [57, 198], [58, 59], [66, 120], [67, 119], [67, 247], [68, 118], [69, 117], [70, 116], [71, 115], [72, 367], [72, 372], [73, 113], [74, 112], [75, 111], [76, 110], [77, 108], [78, 103], [79, 102], [80, 101], [81, 100], [82, 99], [83, 98], [84, 97], [85, 96], [86, 95], [87, 94], [88, 93], [89, 92], [91, 272], [92, 280], [105, 373], [109, 258], [121, 243], [122, 242], [123, 241], [124, 240], [125, 239], [126, 238], [127, 173], [127, 237], [128, 233], [129, 232], [130, 231], [131, 230], [132, 229], [133, 141], [134, 140], [135, 138], [135, 139], [137, 149], [137, 223], [142, 360], [142, 382], [143, 382], [144, 228], [145, 227], [146, 226], [147, 225], [148, 224], [152, 223], [153, 221], [154, 179], [155, 220], [156, 219], [157, 218], [158, 217], [159, 216], [160, 215], [161, 214], [162, 213], [163, 212], [164, 211], [165, 210], [166, 209], [167, 208], [168, 196], [169, 195], [170, 194], [171, 193], [172, 191], [173, 190], [174, 189], [175, 188], [176, 187], [177, 186], [178, 219], [192, 238], [259, 377], [265, 318], [266, 285], [266, 319], [267, 284], [268, 283], [269, 282], [270, 281], [271, 280], [272, 279], [273, 278], [274, 277], [286, 414], [287, 358], [287, 383], [288, 357], [289, 326], [290, 325], [291, 324], [292, 323], [293, 322], [294, 321], [295, 320], [297, 319], [298, 318], [299, 300], [300, 317], [301, 316], [302, 315], [303, 314], [304, 313], [305, 312], [306, 311], [327, 353], [328, 352], [329, 351], [330, 350], [331, 349], [332, 346], [333, 348], [334, 345], [335, 344], [336, 343], [337, 342], [338, 341], [347, 348], [354, 387], [355, 386], [356, 385], [357, 384], [358, 383], [359, 376], [359, 382], [360, 381], [361, 380], [362, 379], [363, 378], [364, 377], [365, 374], [366, 373], [367, 372], [389, 411], [390, 410], [391, 409], [392, 406], [393, 405], [394, 404], [395, 403], [396, 402], [398, 401], [399, 400]]",414
5kpy-1-A,GGACACUGAUGAUCGCGUGGAUAUGGCACGCAUUGAAUUGUUGGACACCGUAAAUGUCCUAACACGUGUCC,"[[1, 71], [2, 70], [3, 69], [4, 68], [5, 67], [6, 66], [7, 65], [8, 64], [9, 39], [10, 62], [11, 40], [11, 60], [12, 61], [13, 32], [15, 31], [16, 30], [17, 29], [18, 28], [19, 27], [21, 54], [22, 25], [22, 53], [23, 52], [25, 49], [25, 53], [26, 48], [26, 54], [33, 37], [35, 63], [43, 59], [44, 58], [45, 57], [46, 56], [47, 55], [49, 53], [50, 51]]",71
5tf6-1-D,GGUCAAUUUGAAACAAUACAGAGAUGAUCAGCAGCCGUUUUACAAAGAGACC,"[[1, 52], [2, 51], [3, 50], [4, 49], [6, 47], [7, 46], [8, 45], [9, 44], [10, 43], [11, 42], [30, 39], [31, 38], [32, 37]]",52
5tpy-1-A,GGGUCAGGCCGGCGAAAGUCGCCACAGUUUGGGGAAAGCUGUGCAGCCUGUAACCCCCCCACGAAAGUGGG,"[[3, 44], [4, 24], [5, 50], [6, 49], [7, 48], [8, 47], [9, 46], [10, 21], [11, 20], [12, 19], [13, 18], [14, 17], [22, 48], [23, 43], [24, 42], [25, 41], [26, 40], [27, 39], [28, 38], [29, 36], [31, 57], [32, 56], [33, 55], [34, 54], [37, 51], [58, 71], [59, 70], [60, 69], [61, 68], [62, 67], [63, 66]]",71
5u3g-1-B,GGUGACUAGGGUUCCGGCGAAAGCCGGUCCGAGAGUUACCGACCGCCGAAAGGCGGUUACACGGCGGGAAAAAAGCCCGGGAGGA,"[[1, 40], [2, 39], [3, 38], [4, 37], [5, 36], [6, 35], [7, 32], [8, 31], [9, 30], [9, 74], [10, 29], [10, 72], [11, 13], [11, 28], [11, 71], [12, 14], [13, 28], [14, 27], [15, 26], [16, 25], [17, 24], [18, 23], [19, 22], [29, 71], [33, 61], [41, 58], [42, 57], [43, 56], [44, 55], [45, 54], [46, 53], [47, 52], [48, 51], [60, 80], [62, 83], [63, 82], [64, 81], [65, 79], [66, 78], [67, 77], [68, 76], [69, 74], [84, 85]]",85
5ud5-1-D,GGAAACCUGAUCAUGUAGAUCGAAUGGACUCUAAAUCCGUUCAGCCGGGUUAGAUUCCCGGGGUUUCCGCCA,"[[1, 68], [2, 67], [3, 66], [4, 65], [5, 64], [6, 63], [7, 62], [8, 62], [9, 21], [10, 20], [11, 19], [12, 18], [13, 55], [15, 51], [16, 52], [18, 44], [19, 43], [22, 42], [23, 41], [24, 40], [25, 39], [26, 38], [27, 37], [28, 36], [29, 35], [45, 61], [46, 60], [47, 59], [48, 58], [49, 57], [50, 54]]",72
5voe-1-A,GAGAGCCCCAGCGAGAUAAUACUUGGCCCCGCUCUU,"[[1, 36], [2, 35], [3, 34], [4, 33], [5, 32], [6, 31], [9, 27], [11, 25], [11, 27], [12, 26], [13, 24], [14, 23], [15, 22], [16, 20], [17, 19]]",36
5vsu-1-I,AAUUUGAAACAAUACAGAGAUGAUCAGCGGUUCCCCUGCAUAAGGAGAACCGUUUUACAAAGAGAUUUGUUUU,"[[1, 65], [2, 62], [3, 61], [4, 60], [5, 59], [6, 58], [7, 57], [26, 54], [27, 53], [28, 52], [29, 51], [30, 50], [31, 49], [32, 48], [33, 47], [34, 46], [35, 45], [36, 44], [37, 42]]",73
5wwr-1-C,AGGGUAUAGCUCAGGGGUAGAGCAUUUGACUAGAUCAAGAGGUCCCUGGUUCAAAUCCAGGUGCCCUCUCCA,"[[2, 66], [3, 65], [4, 64], [5, 63], [6, 62], [7, 13], [7, 19], [8, 21], [9, 23], [10, 22], [11, 21], [12, 20], [14, 44], [15, 55], [16, 51], [17, 52], [20, 42], [25, 40], [26, 38], [27, 37], [28, 36], [29, 35], [30, 33], [31, 32], [45, 61], [46, 60], [47, 59], [48, 58], [49, 57], [50, 54]]",72
5x6b-1-P,GCCGGGGUAGUCUAGGGGCUAGGCAGCGGACUGCAGAUCCGCCUUACGUGGGUUCAAAUCCCACCCCCGGCUCCA,"[[1, 71], [2, 70], [3, 69], [4, 68], [5, 67], [6, 66], [7, 65], [8, 14], [8, 46], [10, 24], [11, 24], [12, 22], [13, 21], [14, 46], [15, 47], [17, 54], [18, 55], [26, 42], [26, 43], [27, 41], [28, 40], [29, 39], [30, 38], [48, 64], [49, 63], [50, 62], [51, 61], [52, 60], [53, 57]]",75
6c63-1-A,GCGUACGAAGGAGAGGAGAGGAAGAGGAGAGUACGC,"[[1, 36], [2, 35], [3, 34], [4, 33], [5, 32], [6, 31], [7, 30], [10, 14], [10, 15], [10, 26], [11, 16], [11, 27], [13, 18], [13, 29], [15, 20], [16, 21], [18, 24], [20, 25], [20, 26], [21, 27], [24, 29]]",36
6cf2-1-G,GGCUGGACUCGUACUUCGGUACUGGAGAAACAGCC,"[[1, 35], [2, 34], [3, 33], [4, 32], [5, 31], [6, 30], [7, 28], [8, 27], [9, 26], [10, 25], [11, 22], [12, 21], [13, 20], [14, 19], [15, 18], [23, 26]]",35
6cu1-1-A,GGGUGGCUCACAUUUGUUGCGGGUUCGAGACCCGUCAGAGCGAAAGCUCUGUAGCUCAAUGGUAGAGCGGUGUAGUCACC,"[[2, 80], [3, 79], [4, 78], [5, 77], [6, 76], [7, 75], [8, 74], [10, 73], [11, 72], [12, 71], [13, 70], [14, 69], [16, 65], [18, 59], [19, 35], [20, 34], [21, 33], [22, 32], [23, 31], [24, 28], [25, 61], [26, 62], [36, 51], [37, 50], [38, 49], [39, 48], [40, 47], [41, 46], [42, 45], [52, 58], [52, 64], [53, 66], [54, 68], [55, 67], [56, 66], [57, 65], [58, 64], [62, 63]]",80
6d12-1-C,GGGCUGCAUGUGGCAGCUCGGGCUGCAUGUGGCAGCUC,"[[1, 19], [2, 18], [3, 17], [4, 16], [5, 15], [6, 14], [7, 13], [20, 38], [21, 37], [22, 36], [23, 35], [24, 34], [25, 33], [26, 32]]",38
6d3p-1-A,GGGCGUAACCUCCAUCCGAGUUGCAAGAGAGGGAAACGCAGUCUC,"[[3, 39], [4, 38], [5, 37], [6, 36], [7, 23], [8, 33], [9, 32], [10, 31], [11, 30], [12, 29], [13, 27], [21, 28], [22, 26]]",45
6dtd-1-C,UGUUGCAUCUGCCUUCUUUUUGAAAGGUAAAAACAAC,"[[2, 37], [3, 36], [4, 35], [5, 34], [6, 33], [7, 32], [8, 31], [10, 29], [11, 28], [12, 27], [12, 30], [13, 26], [14, 25], [15, 24], [16, 22], [16, 23], [22, 23]]",37
6gsj-1-3K,GCUGAUAUAGCUCAGUAGAGCGCACCCUUGGUAAGGGUGAGGUCGGCAGUUCGAAUCUGCCUAUCAGCACCA,"[[1, 68], [2, 67], [3, 4], [3, 66], [4, 61], [5, 64], [5, 65], [6, 63], [8, 14], [9, 19], [10, 21], [10, 41], [11, 21], [12, 19], [13, 18], [14, 44], [15, 55], [18, 42], [22, 40], [23, 39], [24, 38], [25, 37], [26, 36], [27, 35], [28, 34], [29, 33], [45, 61], [46, 60], [48, 58], [48, 59], [49, 57]]",72
6gsl-1-3L,GCAUCUGUAGCUCAGCUGGAGAGUACUCGGCUACGAACCGAGCGGUCGGAGGUUCGAACCUCCCGGAUGCACCA,"[[1, 70], [2, 69], [3, 68], [4, 67], [5, 66], [6, 65], [7, 64], [9, 22], [10, 24], [10, 44], [11, 23], [11, 24], [12, 22], [13, 21], [18, 54], [19, 55], [20, 47], [21, 45], [25, 43], [26, 42], [27, 41], [28, 40], [29, 39], [31, 38], [48, 63], [49, 62], [50, 61], [51, 60], [52, 59], [53, 57]]",74
6ifo-1-D,GGUGCGCUUGGCGUUUUAGAGCUAGAAAUAGCAAGUUAAAAUAAGGCUAGUCCGUUAUCAACUUGAAAAAGUGGCACCGAGUCGGUGCUU,"[[13, 42], [14, 41], [15, 40], [16, 39], [17, 38], [18, 37], [21, 32], [22, 31], [23, 30], [24, 29], [25, 28], [44, 54], [45, 53], [46, 52], [47, 50], [60, 73], [61, 72], [62, 71], [63, 70], [64, 69], [65, 68], [74, 88], [75, 87], [76, 86], [77, 85], [79, 84]]",90
6mj0-1-A,AAGUUCUCGAUCUUUAAAAUCGUUAGCUCGCCAGUUAGCGAGGUCUGCGAAAGCAGAUAAUCGGGUGCAACUCCCGCCCUUUCUCCGAGGGUCAUCGGAAC,"[[1, 14], [2, 13], [3, 4], [3, 12], [3, 18], [4, 18], [6, 20], [7, 23], [8, 22], [9, 21], [10, 20], [11, 19], [12, 18], [13, 16], [13, 17], [26, 93], [27, 42], [28, 41], [29, 40], [30, 39], [31, 38], [32, 71], [33, 67], [34, 68], [36, 71], [43, 58], [44, 57], [45, 56], [46, 55], [47, 54], [48, 53], [49, 52], [62, 76], [63, 75], [64, 74], [65, 73], [66, 70], [77, 91], [78, 90], [79, 89], [85, 98], [86, 97], [87, 96], [88, 95], [90, 94]]",101
1g59-1-B,GGCCCCAUCGUCUAGCGGUUAGGACGCGGCCCUCUCAAGGCCGAAACGGGGGUUCGAUUCCCCCUGGGGUCACCA,"[[1, 71], [2, 70], [3, 69], [4, 68], [5, 67], [6, 66], [7, 65], [8, 14], [8, 21], [9, 23], [10, 25], [11, 24], [12, 23], [13, 22], [14, 21], [15, 19], [15, 47], [17, 54], [18, 55], [19, 47], [22, 46], [26, 44], [27, 43], [28, 42], [29, 41], [30, 40], [31, 39], [32, 38], [48, 64], [49, 63], [50, 62], [51, 61], [52, 60], [53, 57]]",75
1j2b-1-C,GGGCCCGUGGUCUAGUUGGUCAUGACGCCGCCCUUACGAGGCGGAGGUCCGGGGUUCAAGUCCCCGCGGGCCCACCA,"[[1, 73], [2, 72], [3, 71], [4, 70], [5, 69], [6, 68], [7, 67], [24, 49], [25, 48], [26, 47], [29, 43], [30, 42], [31, 41], [32, 40], [33, 39], [46, 47], [50, 66], [51, 65], [52, 64], [53, 63], [54, 62], [55, 59]]",77
1sjf-1-B,AUGGCCGGCAUGGUCCCAGCCUCCUCGCUGGCGCCGGCUGGGCAACACCAUUGCACUCCGGUGGUGAAUGGGAC,"[[3, 39], [4, 38], [5, 37], [5, 38], [6, 36], [7, 35], [8, 34], [9, 33], [13, 74], [14, 73], [15, 72], [16, 71], [17, 70], [18, 69], [19, 32], [20, 31], [21, 30], [21, 67], [22, 27], [23, 41], [23, 44], [24, 40], [31, 68], [42, 44], [42, 64], [43, 46], [43, 63], [45, 64], [46, 63], [47, 62], [48, 61], [49, 60], [51, 53], [57, 59]]",74
1y26-1-X,CGCUUCAUAUAAUCCUAAUGAUAUGGUUUGGGAGUUUCUACCAAGAGCCUUAAACUCUUGAUUAUGAAGUGA,"[[1, 71], [2, 70], [3, 69], [4, 68], [5, 67], [6, 66], [7, 65], [8, 37], [8, 64], [9, 63], [10, 40], [11, 34], [13, 33], [14, 32], [15, 31], [16, 30], [17, 29], [18, 28], [19, 27], [21, 54], [22, 25], [22, 53], [23, 52], [25, 49], [25, 53], [26, 48], [26, 54], [34, 41], [35, 39], [35, 72], [37, 64], [38, 63], [39, 72], [42, 60], [43, 59], [44, 58], [45, 57], [46, 56], [47, 55], [49, 53], [62, 72]]",72
2bte-1-B,GCCGGGGUGGCGGAAUGGGUAGACGCGCAUGACAUCAUGUGCGCAAGCGUGCGGGUUCAAGUCCCGCCCCCGGCACCA,"[[1, 74], [2, 73], [3, 72], [4, 71], [5, 70], [6, 69], [7, 68], [8, 14], [8, 21], [9, 12], [9, 24], [10, 26], [11, 25], [12, 24], [13, 22], [13, 23], [14, 21], [15, 50], [18, 57], [19, 58], [22, 49], [27, 40], [28, 39], [29, 38], [30, 37], [31, 36], [32, 35], [33, 34], [41, 48], [42, 47], [51, 67], [52, 66], [53, 65], [54, 64], [55, 63], [56, 60]]",78
2gtt-1-W,CCCCCCCACCCACAAAAACCACAACACCCACAAACCCAAAAAACCCCACAACCCCCCCACACCCCACCAACCCCACAAACCCCACACACCCCACAAAAC,[],99
2r8s-1-R,GGAAUUGCGGGAAAGGGGUCAACAGCCGUUCAGUACCAAGUCUCAGGGGAAACUUUGAGAUGGCCUUGCAAAGGGUAUGGUAAUAAGCUGACGGACAUGGUCCUAACACGCAGCCAAGUCCUAAGUCAACAGAUCUUCUGUUGAUAUGGAUGCAGUUCA,"[[6, 112], [7, 111], [8, 110], [9, 109], [10, 108], [11, 107], [12, 106], [13, 105], [15, 104], [16, 103], [17, 102], [18, 101], [19, 100], [20, 99], [22, 97], [22, 99], [23, 96], [23, 100], [25, 95], [26, 94], [27, 93], [28, 92], [30, 91], [31, 90], [32, 89], [33, 88], [34, 86], [35, 81], [36, 80], [37, 79], [38, 63], [39, 62], [40, 61], [41, 60], [42, 59], [43, 58], [44, 57], [45, 56], [46, 55], [47, 54], [48, 53], [49, 52], [50, 146], [51, 122], [52, 148], [63, 77], [64, 74], [65, 73], [66, 72], [67, 87], [70, 71], [80, 85], [83, 110], [96, 99], [113, 156], [114, 155], [115, 154], [117, 152], [118, 151], [119, 150], [120, 149], [121, 148], [122, 146], [123, 124], [125, 145], [126, 144], [127, 143], [128, 142], [129, 141], [130, 140], [131, 139], [132, 138]]",159
2xd0-1-H,AUUCAGGUGAUUUGCUACCUUUAAGUGCAGCUAGAA,"[[5, 20], [6, 19], [7, 18], [7, 24], [8, 17], [13, 29], [14, 28], [15, 27], [16, 25], [16, 26], [19, 23], [25, 26]]",36
2zue-1-B,GGACCGGUAGCCUAGCCAGGACAGGGCGGCGGCCUCCUAAGCCGCAGGUCCGGGGUUCAAAUCCCCGCCGGUCCG,"[[1, 74], [2, 73], [3, 72], [4, 71], [5, 70], [6, 69], [7, 68], [8, 14], [8, 23], [9, 12], [9, 24], [9, 25], [10, 27], [11, 26], [12, 25], [13, 24], [14, 23], [15, 50], [19, 57], [20, 58], [26, 47], [28, 46], [29, 45], [30, 44], [31, 43], [32, 42], [33, 41], [51, 67], [52, 66], [53, 65], [54, 64], [55, 63], [56, 60]]",75
3am1-1-B,GGCGCGGGGUACCGGGCUUGGUAGCCCGGGGCUUCGGCCGAGGGCGAGAGCCCUCGGGGUUCGAUUCCCCCCCUGCGCCGC,"[[1, 79], [2, 78], [3, 77], [4, 76], [5, 75], [6, 74], [7, 73], [8, 72], [9, 71], [12, 29], [13, 28], [14, 27], [15, 26], [16, 25], [17, 24], [18, 23], [19, 65], [20, 61], [21, 22], [21, 62], [30, 39], [31, 38], [32, 37], [40, 55], [41, 54], [42, 53], [43, 52], [44, 51], [45, 50], [46, 49], [56, 70], [57, 69], [58, 68], [59, 67], [60, 64]]",81
3fu2-1-B,AGAGGUUCUAGACACCCUCUAUAAAAAACUAAG,"[[1, 20], [2, 19], [2, 22], [3, 18], [3, 23], [4, 17], [4, 25], [5, 16], [5, 26], [5, 27], [6, 27], [6, 28], [6, 33], [7, 11], [7, 28], [8, 32], [9, 31], [10, 30], [11, 14], [11, 29], [12, 30], [15, 33], [16, 27], [17, 25], [18, 24], [19, 23], [26, 27], [28, 33]]",33
3ouy-1-C,GGAAGUAGAUGGUUCAAGUCCAUUUACUUCCACCA,"[[1, 31], [2, 30], [3, 29], [4, 28], [5, 27], [6, 26], [7, 25], [8, 24], [9, 23], [10, 22], [11, 21], [12, 20], [13, 17]]",35
3rw6-1-H,GGCACUAACCUAAGACAGGAGGGCCGGGAAACCUGCCUAAUCCAAUGACGGGUAAUAGUGUC,"[[1, 62], [2, 61], [3, 60], [4, 59], [5, 58], [6, 57], [7, 56], [8, 53], [9, 52], [9, 55], [10, 51], [11, 50], [12, 48], [16, 49], [17, 47], [18, 43], [18, 48], [19, 42], [20, 41], [21, 38], [21, 40], [22, 37], [23, 36], [24, 35], [25, 34], [26, 33], [27, 32], [28, 31]]",62
3v7e-1-C,GGCUUAUCAAGAGAGGUGGAGGGACUGGCCCGAUGAAACCCGGCAACCACUAGUCUAGCGUCAGCUUCGGCUGACGCUAGGCUAGUGGUGCCAAUUCCUGCAGCGGAAACGUUGAAAGAUGAGCCAA,"[[1, 125], [2, 124], [3, 123], [4, 122], [5, 121], [6, 120], [7, 119], [8, 118], [12, 43], [12, 91], [13, 41], [15, 40], [16, 39], [17, 38], [17, 39], [18, 36], [18, 37], [19, 36], [20, 32], [20, 35], [21, 31], [22, 30], [22, 93], [23, 29], [23, 94], [24, 117], [25, 100], [26, 99], [27, 98], [28, 97], [30, 93], [42, 92], [43, 91], [44, 90], [45, 127], [47, 88], [48, 87], [49, 86], [50, 85], [51, 84], [52, 83], [53, 82], [54, 81], [55, 80], [56, 79], [57, 78], [58, 77], [59, 76], [60, 75], [61, 74], [62, 73], [63, 72], [64, 71], [65, 70], [89, 127], [96, 117], [101, 114], [102, 113], [103, 112], [104, 111], [105, 110], [106, 109]]",127
3vjr-1-B,GGGGGCUAAGCGGUUCGAUCCCGCUUAGCUCCACCA,"[[1, 2], [2, 32], [3, 31], [4, 30], [5, 29], [6, 28], [7, 27], [8, 26], [9, 25], [10, 24], [11, 23], [12, 22], [13, 21], [14, 18]]",36
3wqy-1-C,GGGCUCGUAGCUCAGCGGGAGAGCGCCGCCUUUGCGAGGCGGAGGCCGCGGGUUCAAAUCCCGCCGAGUCCACCA,"[[1, 71], [2, 70], [3, 69], [4, 68], [5, 67], [6, 66], [7, 65], [8, 14], [8, 20], [9, 11], [9, 22], [10, 24], [10, 44], [11, 23], [12, 22], [13, 21], [15, 47], [17, 54], [18, 55], [21, 45], [25, 43], [26, 42], [27, 41], [28, 40], [29, 39], [30, 38], [31, 37], [32, 35], [32, 36], [48, 64], [49, 63], [50, 62], [51, 61], [52, 60], [53, 57]]",75
4k27-1-U,GCCCCUGCCUGCCUGCAGCUAAGGAUGAAAGUCUAUGCUGCCUGCCUGCCUGGGC,"[[1, 55], [2, 54], [3, 53], [4, 52], [5, 51], [6, 50], [7, 49], [8, 48], [9, 47], [10, 46], [11, 45], [12, 44], [13, 43], [14, 42], [15, 41], [16, 40], [17, 39], [18, 38], [19, 37], [20, 35], [21, 22], [23, 34], [24, 33], [25, 32], [26, 31], [27, 30]]",55
4qk8-1-A,GGUUGCCGAAUCCGAAAGGUACGGAGGAACCGCUUUUUGGGGUUAAUCUGCAGUGAAGCUGCAGUAGGGAUACCUUCUGUCCCGCACCCGACAGCUAACUCCGGAGGCAAUAAAGGAAGGAGAA,"[[1, 8], [4, 109], [5, 108], [5, 123], [6, 107], [7, 106], [8, 105], [9, 103], [11, 20], [12, 19], [13, 18], [14, 17], [21, 104], [22, 103], [23, 102], [24, 101], [25, 100], [26, 99], [27, 98], [28, 96], [30, 95], [31, 94], [37, 91], [39, 90], [39, 92], [40, 89], [40, 93], [41, 88], [41, 124], [42, 87], [43, 86], [44, 85], [45, 67], [47, 65], [48, 64], [49, 63], [50, 62], [51, 61], [52, 60], [53, 59], [54, 57], [66, 84], [67, 83], [68, 82], [69, 81], [70, 80], [71, 79], [73, 120], [74, 119], [75, 118], [76, 117], [77, 116], [78, 115], [79, 113], [89, 93], [90, 92]]",124
4u3m-1-3,GGUUGCGGCCAUAUCUACCAGAAAGCACCGUUUCCCGUCCGAUCAACUGUAGUUAAGCUGGUAAGAGCCUGACCGAGUAGUGUAGUGGGUGACCAUACGCGAAACUCAGGUGCUGCAAUCU,"[[1, 120], [2, 24], [2, 119], [3, 118], [4, 117], [5, 116], [6, 115], [7, 114], [8, 113], [9, 112], [11, 67], [14, 66], [15, 65], [16, 63], [17, 62], [18, 61], [19, 60], [20, 59], [21, 58], [26, 54], [26, 57], [27, 53], [27, 56], [28, 52], [28, 55], [29, 49], [29, 51], [30, 47], [31, 46], [32, 45], [34, 46], [35, 45], [36, 41], [37, 43], [38, 42], [41, 44], [49, 51], [53, 55], [54, 56], [67, 111], [68, 110], [69, 109], [70, 108], [71, 107], [72, 106], [74, 105], [75, 104], [76, 103], [77, 78], [78, 102], [79, 101], [80, 100], [81, 99], [82, 98], [83, 97], [84, 96], [85, 95], [87, 94], [88, 93], [89, 92]]",121
4v6f-1-AB,AAUCCCCCGUGCCCAUAGCGGCGUGGAACCACCCGUUCCCAUUCCGAACACGGAAGUGAAACGCGCCAGCGCCGAUGGUACUGGGCGGGCGACCGCCUGGGAGAGUAGGUCGGUGCGGGGGA,"[[3, 122], [4, 121], [5, 120], [6, 119], [7, 118], [8, 117], [9, 116], [10, 115], [11, 114], [12, 113], [13, 112], [15, 71], [18, 70], [19, 69], [19, 111], [20, 67], [21, 66], [22, 65], [23, 64], [24, 63], [25, 62], [26, 29], [26, 61], [30, 58], [31, 57], [31, 60], [32, 54], [32, 56], [32, 59], [33, 53], [33, 55], [34, 52], [35, 51], [36, 50], [38, 51], [39, 50], [40, 46], [41, 48], [42, 47], [46, 49], [53, 55], [54, 55], [57, 59], [68, 70], [69, 111], [71, 110], [72, 109], [73, 108], [74, 107], [75, 106], [76, 105], [77, 104], [78, 103], [79, 102], [80, 101], [81, 100], [82, 99], [84, 97], [85, 96], [86, 95], [87, 94], [88, 93]]",122
4yye-1-C,GUUAUAUUAGCUUAAUUGGUAGAGCAUUCGUUUUGUAAUCGAAAGGUUUGGGGUUCAAAUCCCUAAUAUAACAC,"[[1, 72], [2, 71], [3, 70], [4, 69], [5, 68], [6, 67], [7, 66], [8, 14], [8, 21], [9, 23], [10, 25], [10, 45], [11, 24], [12, 23], [13, 22], [14, 21], [15, 48], [18, 55], [19, 56], [22, 46], [24, 45], [26, 44], [27, 43], [28, 42], [29, 41], [30, 40], [31, 39], [32, 34], [35, 36], [49, 65], [50, 64], [51, 63], [52, 62], [53, 61], [54, 58]]",74
4znp-1-A,GGGAUACAGGACUGGCGGAUUAGUGGGAAACCACGUGGACUGUAUCCGAAAAAAAGCCGACCGCCUGGGCAUC,"[[1, 48], [2, 47], [3, 46], [4, 45], [5, 44], [6, 43], [7, 42], [8, 41], [9, 40], [10, 39], [11, 38], [12, 37], [13, 36], [14, 30], [14, 65], [15, 60], [15, 64], [16, 63], [17, 62], [18, 61], [23, 34], [24, 33], [25, 32], [26, 31], [56, 70], [57, 69], [58, 68], [59, 67], [60, 63]]",73
5aox-1-C,GGCCGGGCGCGGUGGCUCACGCCUGUAAUCCCAGCACUUUGGGAGGCCGAGGCGGGAGGAUCGCGAACGCGAGACCCCGUCUCUA,"[[1, 48], [1, 49], [2, 47], [3, 46], [4, 45], [5, 24], [6, 23], [7, 22], [8, 21], [9, 20], [10, 19], [11, 18], [12, 17], [13, 16], [14, 37], [14, 38], [15, 35], [15, 40], [16, 34], [29, 44], [30, 43], [31, 42], [32, 41], [49, 83], [50, 82], [51, 81], [52, 80], [53, 79], [54, 78], [55, 77], [56, 76], [58, 75], [59, 74], [60, 73], [61, 72], [62, 71], [63, 70], [64, 69], [65, 68], [84, 85]]",85
5ccb-1-N,GGCCCGGAUAGCUCAGUCGGUAGAGCAUCAGACUUUUAAUCUGAGGGUCCAGGGUUCAAGUCCCUGUUCGGGCGCCA,"[[1, 74], [1, 76], [2, 73], [2, 77], [3, 72], [4, 71], [5, 70], [6, 69], [7, 68], [8, 67], [9, 15], [9, 22], [10, 24], [11, 26], [11, 46], [12, 25], [13, 24], [14, 23], [18, 20], [23, 47], [25, 46], [27, 45], [28, 44], [29, 43], [30, 42], [31, 41], [32, 40], [33, 39], [34, 38], [50, 66], [51, 65], [52, 64], [53, 63], [54, 62], [55, 60]]",77
5dcv-1-B,GGUAUGGUGGAAGCGGUGAAGGGAAACCGAGUUAACCCGCCUAAGCC,"[[1, 47], [2, 46], [3, 45], [4, 42], [5, 44], [6, 41], [7, 40], [8, 39], [9, 38], [10, 37], [12, 33], [13, 32], [14, 31], [15, 16], [18, 30], [19, 29], [19, 31], [21, 28], [22, 27], [23, 26], [43, 44]]",47
5u34-1-B,GGUCUAGAGGACAGAAACGGGUGUGCCAAUGGCCACUUUCCAGGUGGCAAAGCCCGUUGAGCUGAAGUGGCACCAGAA,"[[1, 13], [2, 12], [3, 11], [4, 10], [5, 8], [17, 57], [17, 58], [18, 56], [19, 55], [20, 54], [21, 53], [22, 51], [22, 52], [23, 73], [24, 72], [25, 71], [26, 70], [27, 69], [32, 48], [33, 47], [34, 46], [35, 45], [36, 44], [37, 43], [60, 68], [61, 68], [62, 66], [63, 65], [63, 66]]",78
5y7m-1-B,GUAUGGUUAACCCGCAGACGAUCGAAAGGGAUGUGGAUGAAAGCCUAAGCCG,"[[1, 50], [2, 49], [3, 46], [5, 45], [6, 44], [7, 43], [8, 42], [9, 39], [10, 38], [11, 37], [12, 36], [13, 35], [14, 34], [15, 33], [16, 32], [17, 31], [20, 31], [21, 30], [22, 29], [23, 28], [24, 27], [47, 48], [51, 52]]",52
6db8-1-R,GGAUGCGCCUUGAAAAGCCUGCGAAACACGCAGCUGGUGAAUGACAGCUAUGGCGCAUCC,"[[1, 60], [2, 59], [3, 58], [4, 57], [5, 56], [6, 55], [7, 54], [8, 53], [9, 52], [10, 51], [11, 20], [12, 19], [14, 38], [14, 42], [15, 41], [18, 43], [21, 31], [22, 30], [23, 29], [25, 28], [32, 49], [33, 48], [34, 47], [35, 46], [36, 45], [39, 41]]",60
1f1t-1-A,GGAUCCCGACUGGCGAGAGCCAGGUAACGAAUGGAUCC,"[[1, 38], [2, 37], [3, 36], [4, 35], [5, 34], [6, 33], [7, 29], [8, 28], [10, 23], [11, 22], [11, 26], [12, 21], [13, 20], [14, 19], [15, 18], [23, 27], [24, 29], [29, 31]]",38
1kxk-1-A,GUCUACCUAUCGGGCUAAGGAGCCGUAUGCGAUGAAAGUCGCACGUACGGUUCUAUGCCCGGGGGAAAAC,"[[4, 66], [5, 65], [6, 64], [7, 63], [8, 62], [11, 61], [12, 60], [13, 59], [14, 58], [15, 57], [16, 55], [17, 18], [19, 54], [19, 56], [20, 53], [21, 52], [22, 51], [23, 50], [24, 49], [25, 48], [26, 47], [27, 46], [28, 45], [29, 42], [30, 41], [31, 40], [32, 39], [33, 38], [34, 37], [64, 67]]",70
1s03-1-A,GGACGAUGGCGAAACUGCAUGAGGCAAUUCAUGCAAGUCCCUCGUCC,"[[1, 47], [2, 46], [3, 45], [4, 44], [5, 43], [6, 42], [8, 41], [9, 40], [11, 39], [12, 38], [13, 14], [13, 15], [14, 38], [15, 37], [16, 36], [17, 34], [18, 33], [19, 32], [20, 31], [21, 30], [22, 29], [35, 36]]",47
1u9s-1-A,GGUGCCAGGUAACGCCUGGGCGGGGUAACCCGACGGAAAGUGCCACAGAGAAGAGACCGCCAGCGGCCGGGGCCCCGGUGCGGGCAAGGGUGAAACGGCGGGGUAAGAGCCCACCGCCUGGCCUGGCAACAGGCCGGGGCACGGCAAACCCCACC,"[[1, 155], [2, 154], [3, 153], [4, 152], [5, 19], [6, 18], [7, 17], [8, 16], [9, 15], [19, 129], [20, 34], [21, 32], [22, 31], [23, 30], [24, 29], [25, 28], [35, 151], [36, 150], [37, 148], [40, 149], [41, 148], [42, 145], [43, 144], [44, 143], [45, 93], [47, 51], [47, 91], [48, 50], [48, 95], [49, 90], [50, 54], [51, 92], [56, 57], [57, 89], [58, 86], [58, 88], [59, 85], [60, 84], [61, 83], [63, 83], [64, 82], [65, 81], [66, 79], [67, 78], [68, 77], [69, 76], [70, 75], [71, 74], [72, 73], [80, 82], [84, 105], [84, 106], [91, 95], [97, 115], [97, 139], [98, 109], [98, 114], [99, 113], [100, 112], [101, 111], [102, 110], [103, 108], [109, 113], [109, 114], [115, 139], [116, 140], [117, 138], [117, 142], [118, 137], [118, 141], [119, 136], [120, 135], [121, 134], [122, 133], [123, 132], [124, 131], [125, 130], [126, 129], [138, 141], [146, 149]]",155
1xjr-1-A,GGAGUUCACCGAGGCCACGCGGAGUACGAUCGAGGGUACAGUGAAUU,"[[3, 47], [4, 46], [5, 45], [6, 44], [7, 43], [8, 42], [9, 41], [10, 40], [11, 33], [13, 39], [14, 37], [15, 36], [16, 35], [17, 34], [18, 32], [19, 20], [19, 31], [20, 28], [21, 27], [22, 26], [28, 31], [38, 39]]",47
1zho-1-B,GGGAGUGAAGGAGGCUUCGGCCGCGAAACUUCACUCCC,"[[1, 38], [2, 37], [3, 36], [4, 35], [5, 34], [6, 33], [7, 32], [8, 31], [9, 30], [10, 29], [11, 28], [12, 23], [13, 22], [13, 28], [14, 21], [15, 20], [16, 19]]",38
2deu-1-C,GUCCCCUUCGUCUAGAGGCCCAGGACACCGCCCUUUCACGGCGGUAACAGGGGUUCGAAUCCCCUAGGGGACGCA,"[[4, 68], [5, 67], [6, 66], [7, 49], [8, 14], [9, 24], [10, 26], [11, 25], [12, 24], [13, 23], [14, 22], [15, 20], [15, 48], [17, 55], [18, 56], [20, 48], [23, 47], [27, 45], [28, 44], [29, 43], [30, 42], [31, 41], [32, 40], [33, 39], [50, 64], [50, 65], [51, 63], [52, 62], [53, 61], [54, 58], [65, 66]]",75
2ozb-1-C,AUCGUAGCCAAUGAGGUUUAUCCGAGGCGCGAU,"[[1, 33], [2, 32], [3, 31], [4, 30], [5, 29], [7, 28], [8, 27], [9, 26], [13, 25], [14, 24], [15, 23], [16, 22]]",33
2zjq-1-Y,CACCCCCGUGCCCAUAGCACUGUGGAACCACCCCACCCCAUGCCGAACUGGGUCGUGAAACACAGCAGCGCCAAUGAUACUCGGACCGCAGGGUCCCGGAAAAGUCGGUCAGCGCGGGGGUU,"[[2, 121], [3, 120], [4, 119], [5, 118], [6, 117], [7, 116], [8, 115], [9, 114], [10, 113], [11, 112], [12, 111], [14, 70], [17, 69], [18, 68], [18, 110], [19, 66], [20, 65], [21, 64], [22, 63], [23, 62], [24, 61], [25, 60], [26, 55], [29, 57], [30, 56], [30, 59], [31, 55], [31, 58], [32, 52], [32, 54], [33, 51], [34, 50], [35, 49], [39, 45], [40, 47], [41, 46], [45, 48], [45, 49], [67, 69], [70, 109], [71, 108], [72, 107], [73, 106], [74, 105], [75, 104], [76, 103], [77, 102], [78, 101], [79, 100], [80, 99], [81, 98], [82, 97], [83, 96], [84, 95], [85, 94], [86, 93], [87, 92], [88, 91]]",122
2zzm-1-B,GCAGGGGUCGCCAAGCCUGGCCAAAGGCGCUGGGCCUAGGACCCAGUCCCGUAGGGGUUCCAGGGUUCAAAUCCCUGCCCCUGC,"[[2, 84], [3, 82], [4, 82], [5, 80], [6, 79], [7, 78], [8, 14], [8, 24], [10, 28], [11, 27], [12, 26], [13, 25], [14, 24], [15, 22], [15, 60], [19, 67], [20, 68], [22, 60], [23, 58], [24, 59], [29, 47], [30, 46], [31, 45], [32, 44], [33, 43], [34, 42], [35, 41], [48, 57], [49, 56], [50, 55], [51, 54], [61, 77], [63, 75], [64, 74], [65, 73], [66, 70]]",84
3a3a-1-A,GCCCGGAUGAUCCUCAGUGGUCUGGGGUGCAGGCUUCAAACCUGUAGCUGUCUAGCGACAGAGUGGUUCAAUUCCACCUUUCGGGC,"[[1, 86], [2, 85], [3, 84], [4, 83], [5, 82], [6, 81], [7, 80], [8, 79], [9, 78], [10, 62], [12, 27], [13, 26], [14, 25], [15, 24], [16, 23], [17, 22], [18, 72], [19, 68], [20, 21], [20, 69], [28, 46], [29, 45], [30, 44], [31, 43], [32, 42], [33, 41], [34, 37], [47, 62], [48, 61], [49, 60], [50, 59], [51, 58], [52, 57], [63, 77], [64, 76], [65, 75], [66, 74], [67, 71]]",86
3akz-1-F,UGGGAGGUCGUCUAACGGUAGGACGGCGGACUCUGGAUCCGCUGGUGGAGGUUCGAGUCCUCCCCUCCCAGCCA,"[[1, 70], [2, 69], [3, 68], [4, 67], [5, 66], [6, 65], [7, 64], [8, 14], [8, 20], [9, 22], [10, 24], [10, 44], [11, 23], [12, 22], [13, 21], [13, 45], [14, 20], [15, 46], [16, 18], [17, 53], [18, 54], [21, 45], [23, 44], [24, 44], [25, 43], [26, 42], [27, 41], [28, 40], [29, 39], [30, 38], [47, 63], [48, 62], [49, 61], [50, 60], [51, 59], [52, 56]]",74
3cul-1-C,GGAUGGCGAAAGCCAUUUCCGCAGGCCCCAUUGCACUCCGGGGUAUUGGCGUUAGGUGGUGGUACGAGGUUCGAAUCCUCGUACCGCAGCCA,"[[1, 19], [2, 17], [3, 16], [4, 15], [5, 14], [6, 13], [7, 12], [8, 11], [20, 51], [21, 50], [21, 54], [22, 49], [23, 48], [24, 47], [25, 44], [26, 43], [27, 42], [28, 41], [29, 40], [31, 33], [55, 91], [56, 90], [57, 89], [58, 88], [59, 87], [61, 85], [62, 84], [63, 83], [64, 82], [65, 81], [66, 80], [67, 79], [68, 78], [69, 77], [70, 76]]",92
3dig-1-X,GGCCGACGGAGGCGCGCCCGAGAUGAGUAGGCUGUCCCAUCAGGGGAGGAAUCGGGGACGGCUGAAAGGCGAGGGCGCCGAAGGGUGCAGAGUUCCUCCCGCUCUGCAUGCCUGGGGGUAUGGGGAAUACCCAUACCACUGUCACGGAGGUCUCUCCGUGGAGAGCCGUCGGUC,"[[1, 174], [2, 173], [3, 172], [4, 171], [5, 170], [6, 169], [7, 168], [8, 167], [9, 166], [10, 165], [11, 163], [12, 79], [14, 78], [14, 81], [15, 77], [16, 76], [17, 75], [18, 74], [19, 73], [20, 72], [21, 71], [22, 70], [23, 69], [24, 69], [24, 126], [25, 67], [26, 66], [27, 28], [28, 65], [29, 64], [30, 63], [31, 62], [32, 61], [33, 60], [34, 59], [35, 58], [36, 57], [37, 56], [38, 55], [39, 41], [40, 52], [41, 54], [42, 50], [44, 100], [45, 99], [46, 98], [47, 97], [48, 96], [49, 95], [51, 54], [68, 126], [69, 127], [80, 81], [82, 113], [83, 112], [84, 111], [85, 109], [86, 108], [87, 107], [88, 106], [89, 105], [90, 104], [91, 103], [92, 102], [93, 101], [114, 140], [115, 139], [116, 138], [117, 137], [118, 136], [119, 135], [120, 134], [121, 133], [122, 132], [123, 131], [124, 130], [125, 129], [141, 162], [141, 163], [142, 161], [143, 160], [144, 159], [145, 158], [146, 157], [147, 156], [148, 155], [149, 154]]",174
3egz-1-B,GAGGGAGAGGUGAAGAAUACGACCACCUAGGUACCAUUGCACUCCGGUACCUAAAACAUACCCUC,"[[1, 65], [2, 64], [3, 63], [4, 62], [5, 61], [6, 60], [7, 59], [8, 20], [8, 56], [8, 57], [9, 27], [10, 26], [11, 25], [12, 24], [13, 23], [15, 18], [19, 56], [20, 57], [21, 57], [21, 58], [28, 53], [29, 52], [30, 51], [31, 50], [32, 49], [33, 48], [34, 47], [35, 46], [37, 39]]",65
3eph-1-E,CUCGUAUGGCGCAGUGGUAGCGCAGCAGAUUGCAAAUCUGUUGGUCCUUAGUUCGAUCCUGAGUGCGAG,"[[1, 69], [2, 68], [3, 67], [4, 66], [5, 65], [6, 64], [7, 13], [7, 19], [8, 21], [9, 23], [10, 22], [11, 21], [12, 20], [13, 19], [14, 46], [15, 57], [16, 53], [17, 54], [20, 44], [24, 42], [25, 41], [26, 40], [27, 39], [28, 38], [29, 37], [30, 36], [45, 46], [47, 63], [48, 62], [49, 61], [50, 60], [51, 59], [52, 56]]",69
3hhn-1-C,UCCAGUAGGAACACUAUACUACUGGAUAAUCAAAGACAAAUCUGCCCGAAGGGCUUGAGAACAUACCCAUUGCACUCCGGGUAUGCAGAGGUGGCAGCCUCCGGUGGGUUAAAACCCAACGUUCUCAACAAUAGUGA,"[[1, 26], [2, 25], [3, 24], [4, 23], [5, 22], [5, 33], [6, 21], [7, 20], [8, 19], [9, 18], [10, 53], [12, 136], [13, 135], [14, 134], [15, 133], [16, 132], [17, 131], [23, 32], [25, 29], [36, 88], [38, 100], [39, 90], [42, 97], [43, 96], [44, 95], [45, 94], [46, 93], [47, 51], [53, 129], [55, 128], [56, 127], [57, 126], [58, 125], [59, 124], [60, 123], [61, 122], [62, 85], [63, 84], [64, 83], [65, 82], [66, 81], [67, 80], [68, 79], [70, 72], [88, 101], [89, 100], [90, 99], [91, 98], [102, 121], [103, 120], [104, 119], [105, 118], [106, 117], [107, 116], [108, 115]]",137
3npq-1-A,GGACGAGGAGCGCUGCAAGCGAGAGCCCAGGCUCGUCCGAAACGGCGCUCAA,"[[4, 35], [5, 34], [6, 33], [7, 32], [7, 42], [8, 50], [9, 49], [10, 48], [11, 47], [12, 46], [13, 45], [14, 29], [15, 31], [15, 52], [16, 28], [16, 31], [17, 28], [18, 27], [19, 26], [20, 25], [21, 24], [30, 43], [33, 41], [34, 40]]",52
3vrs-1-A,GGGCGAUGAGGCCCGCCCAAACUGCCCUGAAAAGGGCUGAUGGCCUCUACUG,"[[2, 17], [3, 16], [3, 21], [4, 15], [5, 14], [6, 38], [8, 47], [9, 46], [10, 45], [11, 44], [12, 43], [13, 42], [24, 37], [25, 36], [26, 35], [27, 34], [28, 33], [29, 32], [40, 48], [41, 44]]",52
3zjv-1-B,GCCCGGAUGGUGGAAUCGGUAGACACAAGGGAUUAAAUCCCUCGGCGUUCGCGCUGUGCGGGUUCAAGUCCCGCUCCGGGUACCA,"[[1, 81], [2, 80], [3, 79], [4, 78], [5, 77], [6, 76], [7, 75], [8, 14], [8, 21], [9, 12], [9, 24], [10, 26], [11, 25], [12, 24], [13, 22], [13, 23], [14, 21], [15, 57], [18, 64], [19, 65], [22, 56], [27, 43], [28, 42], [29, 41], [30, 40], [31, 39], [32, 38], [33, 37], [44, 55], [45, 54], [46, 53], [47, 52], [48, 51], [58, 74], [59, 73], [60, 72], [61, 71], [62, 70], [63, 67]]",85
4ato-1-G,AAAUUGGUGUAACCUUACCGUAGUAGGUGCUAAA,"[[6, 19], [6, 20], [7, 18], [7, 22], [8, 17], [12, 28], [13, 27], [14, 26], [15, 25], [16, 23], [16, 24], [23, 24]]",34
4c4w-1-D,GAGCAAGAGCCAUUGCACUCCGGUUUGAUGACCUC,"[[1, 35], [2, 34], [3, 33], [4, 32], [5, 31], [6, 27], [6, 30], [7, 26], [8, 25], [9, 24], [10, 23], [11, 22], [13, 15]]",35
4frn-1-A,GGGCUAAAAGCAUGGUGGGAAAGUGACGUGUAAUUCGUCCACAUUACUUGAUACGGUUAUACUCCGAAUGCCACCUAGCCCAAAGUAGAGCAAGGAGACUCA,"[[1, 81], [1, 84], [2, 80], [3, 79], [4, 78], [5, 77], [6, 76], [9, 13], [10, 13], [10, 69], [11, 70], [14, 75], [15, 74], [16, 73], [17, 72], [18, 71], [22, 62], [23, 40], [25, 39], [26, 38], [27, 37], [28, 36], [29, 33], [30, 59], [41, 63], [42, 62], [43, 52], [44, 51], [45, 98], [46, 95], [47, 94], [48, 93], [49, 92], [50, 91], [53, 67], [54, 66], [55, 65], [56, 64], [57, 61], [88, 101], [89, 100], [90, 99]]",102
4jf2-1-A,GGAACCGCGAAAGCGGUUCCACGACGAUACUUAUUUCCUUUGAUCGUCGUUAUUACUGGCUUCGGCCACAAAGGAGAG,"[[1, 20], [2, 19], [3, 18], [4, 17], [5, 16], [6, 15], [7, 14], [8, 13], [9, 12], [21, 50], [22, 49], [22, 52], [23, 48], [24, 47], [25, 46], [26, 45], [27, 44], [28, 43], [29, 42], [30, 78], [31, 71], [32, 72], [35, 76], [36, 75], [37, 74], [38, 73], [39, 72], [40, 71], [41, 78], [50, 52], [55, 69], [56, 69], [57, 68], [58, 67], [59, 66], [60, 65], [61, 64]]",78
4kqy-1-A,GUUCUUAUCAAGAGAAGCAGAGGGACUGGCCCGACGAAGCUUCAGCAACCGGUGUAAUGGCGAAAGCCAUGACCAAGGUGCUAAAUCCAGCAAGCUCGAACAGCUUGGAAGAUAAGAACA,"[[1, 119], [2, 118], [3, 117], [4, 116], [5, 115], [6, 114], [7, 113], [8, 112], [9, 111], [11, 120], [13, 45], [13, 81], [14, 43], [15, 42], [16, 41], [17, 40], [18, 39], [19, 38], [20, 37], [21, 36], [22, 32], [23, 31], [24, 30], [24, 84], [25, 110], [26, 90], [27, 89], [28, 88], [29, 87], [31, 83], [44, 82], [45, 76], [45, 81], [46, 80], [47, 120], [48, 49], [48, 50], [49, 78], [50, 75], [50, 77], [51, 74], [52, 73], [53, 72], [54, 71], [57, 70], [58, 69], [59, 68], [60, 67], [61, 66], [62, 65], [76, 80], [79, 120], [86, 110], [91, 107], [92, 106], [93, 105], [94, 104], [95, 103], [97, 100]]",120
4oog-1-D,CAUGUCAUGUCAUGAGUCCAUGGCAUGGCAUGGC,"[[1, 32], [2, 31], [3, 30], [4, 29], [5, 28], [6, 27], [7, 26], [8, 25], [9, 24], [10, 23], [11, 22], [12, 21], [13, 20], [14, 19]]",34
4p95-1-A,CAUCCGGUAUCCCAAGACAAUCUCGGGUUGGGUUGGGAAGUAUCAUGGCUAAUCACCAUGAUGCAAUCGGGUUGAACACUUAAUUGGGUUAAAACGGUGGGGGACGAUCCCGUAACAUCCGUCCUAACGGCGACAGACUGCACGGCCCUGCCUCAGGUGUGUCCAAUGAACAGUCGUUCCGAAAGGAAG,"[[1, 141], [2, 129], [3, 91], [4, 70], [4, 168], [5, 69], [5, 170], [6, 68], [6, 170], [7, 67], [8, 169], [11, 37], [12, 36], [13, 35], [14, 34], [15, 33], [16, 32], [17, 31], [18, 30], [19, 29], [19, 182], [20, 28], [21, 27], [22, 26], [30, 183], [31, 184], [40, 64], [41, 63], [42, 62], [43, 61], [44, 60], [45, 59], [46, 58], [47, 57], [48, 56], [49, 55], [52, 108], [53, 107], [54, 106], [66, 169], [71, 167], [72, 166], [73, 165], [74, 164], [75, 163], [76, 162], [77, 161], [78, 160], [79, 159], [80, 84], [82, 152], [83, 157], [85, 149], [86, 148], [87, 147], [88, 146], [89, 145], [90, 144], [92, 128], [93, 130], [94, 122], [94, 131], [95, 121], [95, 131], [96, 120], [97, 115], [97, 119], [98, 117], [100, 111], [101, 110], [102, 109], [120, 132], [123, 130], [124, 129], [125, 128], [126, 145], [136, 175], [137, 174], [138, 173], [139, 172], [140, 171], [142, 143], [150, 158], [151, 157], [152, 156], [153, 155], [177, 188], [178, 187], [179, 186], [180, 185], [181, 184]]",189
4pkd-1-V,GGAUCCAUUGCACUCCGGAUCCAGGAGAUACCAUGAUCACGAAGGUGGUUUUCCU,"[[1, 22], [2, 21], [3, 20], [4, 19], [5, 18], [6, 17], [8, 10], [23, 55], [24, 54], [25, 53], [26, 52], [27, 51], [28, 50], [29, 49], [31, 48], [32, 47], [33, 46], [34, 45], [36, 43], [37, 38]]",55
4qln-1-A,GAUCGCUGAACCCGAAGGGGCGGGGGACCCAGGGGGCGAAUCUCUUCCGAAAGGAAGAGUAGGGUUACUCCUUCGACCCGAGCCCGUCAGCUAACCUCGCAAGCGUCCGAAGGAGAAAA,"[[4, 67], [4, 105], [5, 104], [6, 103], [7, 102], [8, 101], [9, 99], [11, 19], [12, 18], [13, 17], [20, 100], [21, 99], [22, 98], [23, 97], [24, 96], [25, 95], [26, 94], [27, 92], [29, 91], [30, 90], [33, 86], [33, 88], [34, 85], [34, 89], [35, 84], [36, 83], [37, 82], [38, 81], [39, 62], [41, 60], [42, 59], [43, 58], [44, 57], [45, 56], [46, 55], [47, 54], [48, 53], [49, 52], [61, 80], [62, 79], [63, 78], [63, 118], [64, 77], [65, 76], [66, 75], [67, 105], [67, 106], [68, 115], [69, 114], [70, 113], [71, 112], [72, 111], [73, 110], [74, 109], [85, 89], [86, 88], [105, 106]]",119
4r8i-1-B,GCACGUCCCUCACCGGUGCAAGUGAAGCCGUGGCUCUGCG,"[[1, 39], [2, 38], [3, 34], [3, 37], [4, 22], [5, 24], [8, 33], [8, 36], [9, 32], [13, 31], [14, 30], [15, 29], [16, 28], [17, 21], [18, 25], [33, 35]]",40
4rum-1-A,GGGAACUGAGCAGGCAAUGACCAGAGCGGUCAUGCAGCCGGGCUGCGAAAGCGGCAACAGAUGAUACACGCACAUCUGUGGGACAGUUCCCA,"[[1, 91], [2, 90], [3, 89], [4, 88], [5, 87], [6, 86], [7, 85], [8, 84], [9, 83], [11, 82], [12, 40], [13, 39], [14, 38], [15, 34], [15, 37], [17, 33], [18, 32], [19, 31], [20, 30], [21, 29], [22, 28], [23, 26], [34, 37], [42, 55], [43, 54], [44, 53], [45, 52], [46, 51], [47, 50], [56, 80], [57, 79], [58, 78], [59, 77], [60, 76], [61, 75], [62, 74], [63, 73], [64, 72], [65, 70]]",92
4tvx-1-L,AUAAACCGACGGUAUUGUUCAGAUCCUGGCUUGCCAACAGGAGUUCCCCGCGCCAGCGGGG,"[[8, 9], [46, 61], [47, 60], [48, 59], [49, 58], [50, 57], [51, 56], [52, 55]]",61
4v84-1-AV,GGUUAUUCAGAUUAGGUAGUCGAAUGACCUACCU,"[[1, 29], [2, 28], [3, 27], [4, 26], [5, 25], [6, 24], [7, 23], [8, 22], [10, 21], [11, 20], [12, 19], [14, 34], [15, 33], [16, 32], [17, 31], [18, 30]]",34
4v8d-1-AD,GGUGGGGUUCCCGAGCGGCCAAAGGGAGCAGACUGUAAAUCUGCCGUCAUCGACUUCGAAGGUUCGAAUCCUUCCCCCACCACCA,"[[1, 81], [2, 80], [3, 79], [4, 78], [5, 77], [6, 76], [7, 75], [8, 14], [8, 57], [10, 26], [11, 25], [12, 24], [13, 23], [15, 57], [17, 64], [18, 65], [21, 55], [22, 56], [27, 45], [28, 44], [29, 43], [30, 42], [31, 41], [32, 40], [33, 39], [46, 54], [47, 53], [48, 52], [58, 74], [59, 73], [60, 72], [61, 71], [62, 70], [63, 67]]",85
4v8n-1-AW,GGGCCCUUAGCUUAGUCUGGUUAAAGCGAUCGGCUCAUAACCGAUUGGGCGCUGGUUCGAAUCCGGCAGGGCCCACCA,"[[1, 76], [2, 74], [3, 73], [4, 72], [4, 73], [5, 71], [6, 69], [8, 14], [8, 24], [8, 50], [11, 26], [11, 27], [12, 26], [13, 25], [14, 23], [15, 50], [19, 57], [24, 48], [29, 45], [30, 44], [31, 43], [32, 42], [33, 40], [33, 41], [34, 41], [35, 37], [38, 39], [51, 67], [52, 66], [53, 65], [54, 64], [55, 63], [56, 60]]",78
4v9k-1-AW,GGCUACGUAGCUCAGUUGGUUAGAGCACAUCACUCAUAAUGAUGGGGUCACAGGUUCGAAUCCCGUCGUAGCCACCA,"[[1, 73], [1, 74], [2, 72], [3, 71], [4, 70], [5, 69], [6, 68], [7, 67], [8, 14], [9, 24], [10, 26], [10, 46], [11, 25], [12, 24], [13, 23], [15, 49], [18, 56], [19, 57], [20, 60], [23, 47], [27, 45], [28, 44], [29, 43], [30, 42], [31, 41], [32, 40], [33, 39], [50, 66], [51, 65], [51, 66], [52, 64], [53, 63], [54, 62], [55, 59]]",77
4wj4-1-B,UCCGCGAUAGCUCAGUCGGUAGAGCAAAUGACUGUUAAUCAUUGGGUCCCUGGUUCGAGUCCAGGUCGCGGAGCCA,"[[1, 72], [2, 71], [3, 70], [4, 69], [5, 68], [6, 67], [7, 66], [8, 14], [8, 21], [9, 23], [10, 25], [10, 45], [11, 24], [12, 23], [13, 22], [15, 48], [18, 55], [19, 20], [19, 56], [22, 46], [26, 44], [27, 43], [28, 42], [29, 41], [30, 40], [31, 39], [32, 38], [49, 65], [50, 64], [51, 63], [52, 62], [53, 61], [54, 58]]",76
4x4v-1-B,GGCGCUGCGGGGUUCGAGUCCCCGCAGGCCACCGG,"[[1, 30], [2, 29], [3, 28], [5, 27], [6, 26], [7, 25], [8, 24], [9, 23], [10, 22], [11, 21], [12, 20], [13, 17], [14, 34], [15, 35]]",35
4xw7-1-A,GGGUCGUGACUGGCGAACAGGUGGGAAACCACCGGGGAGCGACCCUUGCCGCCCGCCUGGGCAA,"[[1, 45], [2, 44], [3, 43], [4, 42], [5, 41], [6, 40], [7, 39], [8, 38], [9, 37], [10, 36], [11, 35], [12, 28], [19, 34], [20, 33], [21, 32], [22, 31], [23, 30], [24, 29], [46, 64], [47, 63], [48, 62], [49, 61], [50, 60], [51, 59]]",64
4yaz-1-R,GGUACACGACAAUACUAAACCAUCCGCGAGGAUGGGGCGGAAAGCCUAAGGGUCUCCCUGAGACAGCCGGGCUGCCGAAAUAUCA,"[[1, 84], [2, 83], [3, 82], [4, 81], [6, 80], [7, 77], [7, 78], [7, 79], [8, 9], [8, 76], [9, 76], [11, 76], [13, 41], [14, 85], [15, 40], [16, 39], [17, 38], [18, 37], [19, 36], [20, 35], [21, 34], [22, 33], [23, 32], [24, 31], [25, 30], [26, 29], [28, 55], [29, 62], [38, 66], [39, 43], [42, 73], [42, 85], [44, 72], [45, 71], [46, 70], [47, 69], [48, 51], [48, 67], [50, 68], [51, 67], [52, 64], [53, 63], [54, 62], [55, 61], [56, 60], [65, 68], [77, 78]]",85
4ybb-1-DB,UGCCUGGCGGCCGUAGCGCGGUGGUCCCACCUGACCCCAUGCCGAACUCAGAAGUGAAACGCCGUAGCGCCGAUGGUAGUGUGGGGUCUCCCCAUGCGAGAGUAGGGAACUGCCAGGCAU,"[[1, 119], [2, 118], [3, 117], [4, 116], [5, 115], [6, 114], [7, 113], [8, 112], [9, 111], [10, 110], [11, 109], [13, 16], [13, 69], [16, 68], [17, 67], [18, 65], [19, 64], [20, 63], [21, 62], [22, 61], [23, 60], [24, 27], [24, 59], [28, 56], [29, 55], [29, 58], [30, 52], [30, 54], [30, 57], [31, 51], [31, 53], [32, 50], [33, 49], [34, 48], [36, 49], [37, 48], [38, 44], [39, 46], [40, 45], [44, 47], [52, 53], [55, 57], [56, 58], [56, 59], [69, 107], [70, 106], [71, 105], [72, 104], [73, 103], [74, 102], [75, 101], [76, 100], [77, 99], [78, 98], [79, 97], [80, 96], [81, 95], [82, 94], [83, 93], [84, 92], [85, 91], [86, 90]]",120
5ah5-1-D,GCCCGCAUGGUGAAAUCGGUAAACACAUCGCACUAAUGCGCCGCCUCUGGCUUGCCGGUUCAAGUCCGGCUGCGGGCACCA,"[[1, 77], [2, 76], [3, 75], [4, 74], [5, 73], [6, 72], [7, 71], [8, 14], [8, 21], [9, 12], [9, 24], [10, 26], [11, 25], [12, 24], [13, 22], [13, 23], [14, 21], [15, 53], [18, 60], [19, 61], [22, 52], [27, 42], [28, 41], [29, 40], [30, 39], [31, 38], [32, 37], [33, 36], [43, 51], [44, 50], [45, 49], [54, 70], [55, 69], [56, 68], [57, 67], [58, 66], [59, 63]]",81
5b63-1-D,GCGCUCGUAGCUCAAUUGGAUAGAGCAUUCAGAAGGUUAGGGGUUCGAAUCCUCUCGAGCGCGC,"[[1, 62], [2, 61], [3, 60], [4, 59], [5, 58], [6, 57], [7, 56], [8, 14], [8, 22], [9, 24], [10, 26], [11, 25], [12, 24], [13, 23], [14, 22], [15, 38], [19, 46], [23, 36], [28, 33], [39, 55], [40, 54], [41, 53], [42, 52], [43, 51], [44, 48]]",64
5d6g-1-0,GCCUAAGACAGCGGGGAGGUUGGCUUAGAAGCAGCCAUCCUUUAAAGAGUGCGUAACAGCUCACCCGUCGAGGC,"[[1, 74], [2, 73], [3, 72], [7, 71], [8, 70], [10, 69], [11, 68], [12, 67], [13, 66], [14, 65], [15, 45], [15, 64], [17, 41], [18, 40], [19, 39], [20, 48], [22, 36], [23, 35], [24, 34], [25, 33], [31, 51], [31, 60], [32, 52], [32, 59], [42, 46], [47, 62], [49, 50], [49, 61], [50, 61], [51, 60], [52, 59], [53, 58]]",74
5ddp-1-A,CGUUGACCCAGGAAACUGGGCGGAAGUAAGGUCCAUUGCACUCCGGGCCUGAAGCAACGCG,"[[1, 59], [2, 22], [2, 58], [3, 57], [4, 56], [5, 55], [6, 21], [7, 20], [8, 19], [9, 18], [10, 17], [11, 16], [12, 15], [22, 57], [22, 58], [23, 60], [25, 53], [26, 27], [27, 52], [28, 51], [29, 50], [30, 49], [31, 48], [32, 47], [33, 46], [34, 45], [36, 38], [54, 56]]",61
5lyu-1-A,GGGGAUCUGUCACCCCAUUGAUCGCCUUCGGGCUGAUCUGGCUGGCUAGGCGGGUCCC,"[[2, 58], [3, 57], [4, 56], [5, 55], [6, 54], [7, 53], [8, 52], [9, 48], [9, 51], [10, 50], [11, 49], [12, 40], [13, 45], [14, 44], [15, 41], [16, 40], [17, 39], [18, 21], [20, 34], [20, 38], [21, 37], [22, 36], [23, 35], [24, 33], [25, 32], [26, 31], [27, 30], [34, 38], [42, 45], [46, 49]]",58
5m0h-1-A,GAUAACUGAAUCGCUAAGGAUGAAAGUCUAUGCGACAUUAUC,"[[1, 42], [2, 41], [3, 40], [4, 39], [5, 38], [7, 37], [8, 36], [11, 35], [11, 36], [12, 34], [13, 33], [14, 32], [15, 30], [16, 17], [18, 29], [19, 28], [20, 27], [21, 26], [22, 25]]",42
5m73-1-A,GGGUGUCCGCACUAAGUUCGGCAUCAAUAUGGUGACCUCCCGGGAGCGGGGGACCACCAGGUUGCCUAAGGAGGGGUGAACCGGCCCAGGUCGGAAACGGAGCAGGUCAAAACUCCCGUGCUGAUCAGUAGUGGGAUCGCGCCUA,"[[1, 144], [2, 143], [3, 142], [4, 141], [5, 140], [6, 139], [7, 135], [8, 134], [10, 133], [11, 132], [12, 131], [13, 130], [14, 129], [15, 128], [16, 126], [17, 125], [18, 124], [19, 123], [20, 122], [21, 121], [22, 120], [23, 69], [23, 119], [24, 118], [25, 64], [26, 63], [27, 62], [28, 60], [28, 61], [30, 59], [31, 58], [32, 57], [33, 56], [34, 55], [37, 52], [38, 51], [39, 50], [40, 49], [41, 48], [42, 47], [44, 96], [45, 97], [46, 93], [46, 97], [46, 98], [60, 61], [61, 72], [66, 70], [71, 117], [73, 116], [74, 115], [75, 114], [76, 113], [77, 113], [78, 111], [78, 112], [79, 80], [81, 83], [83, 108], [84, 107], [85, 106], [86, 105], [87, 103], [87, 104], [88, 103], [89, 102], [90, 101], [91, 100], [92, 99], [93, 98]]",145
5ml7-1-A,GGGUCGCCGAUGUGCAGCAUAGGUAGGAGACACUACACAGGUACCCGCGCUAGCGGGCCACCGAGUCAACAGUGAAAUACUACCCGUCGGUGACC,"[[2, 95], [3, 94], [4, 93], [5, 92], [6, 91], [7, 90], [8, 89], [9, 88], [10, 87], [11, 86], [12, 85], [13, 52], [16, 21], [17, 77], [19, 78], [20, 53], [21, 74], [22, 84], [23, 83], [24, 82], [25, 81], [26, 80], [27, 79], [29, 67], [30, 66], [31, 65], [35, 36], [35, 64], [37, 42], [38, 63], [39, 63], [39, 65], [40, 59], [40, 62], [41, 61], [42, 60], [43, 58], [44, 57], [45, 56], [46, 55], [47, 54], [48, 53], [49, 52], [59, 61], [59, 62], [72, 78], [73, 77]]",95
5nwq-1-A,CCGGACGAGGUGCGCCGUACCCGGUCAGGACAAGACGGCGC,"[[1, 24], [2, 23], [3, 22], [4, 21], [5, 19], [5, 33], [6, 18], [6, 34], [7, 35], [8, 36], [9, 16], [9, 37], [10, 15], [10, 38], [11, 14], [11, 39], [12, 41], [13, 40], [14, 39], [15, 38], [16, 37], [17, 36], [18, 34], [18, 35], [19, 34], [20, 29], [23, 27], [24, 25], [29, 32]]",41
5o7h-1-A,CUUAGAAAGCAAACCUAUAACCGUUCACCGCCGCACAGGCGG,"[[1, 2], [28, 42], [29, 41], [30, 40], [31, 39], [32, 38], [33, 37]]",42
5ob3-1-A,GGGAGUACGGUGAGGGUCGGGUCCAGUAGGUACGCCUACUGUUGAGUAGAGUGUGGGCUCCGUACUCCC,"[[1, 69], [2, 68], [3, 67], [4, 66], [5, 65], [6, 64], [7, 63], [8, 62], [9, 61], [10, 60], [11, 59], [12, 58], [13, 57], [14, 56], [15, 19], [15, 49], [16, 20], [16, 46], [18, 47], [18, 55], [19, 53], [20, 51], [22, 45], [23, 44], [24, 41], [25, 40], [26, 39], [27, 38], [28, 37], [29, 36], [30, 35], [31, 34], [42, 45], [46, 51], [47, 54], [49, 53]]",69
5t83-1-A,AAGUUUGCUAGGGUUCCGCGUCAAGGUGGUCUGGUCCAAGAGCAAACGGCUUUCACAAAGCCACACGGAAGGAUAAAAGCCUGGGAGAU,"[[1, 48], [2, 63], [3, 47], [4, 46], [5, 45], [6, 44], [7, 43], [8, 42], [9, 39], [10, 38], [11, 37], [11, 78], [12, 36], [12, 76], [13, 15], [13, 35], [13, 75], [14, 16], [15, 35], [16, 34], [17, 29], [17, 33], [18, 31], [18, 32], [19, 28], [20, 27], [21, 26], [22, 25], [23, 24], [29, 33], [40, 65], [48, 62], [49, 61], [50, 60], [51, 59], [52, 58], [53, 56], [64, 84], [66, 87], [67, 86], [68, 85], [69, 83], [70, 82], [71, 81], [72, 80], [73, 78], [74, 77]]",89
5wlh-1-B,GAAGAUAGCCCAAGAAAGAGGGCAAUAACCAGAUAUAGCCUG,"[[7, 26], [8, 23], [9, 22], [10, 21], [11, 20], [34, 39]]",42
5wtk-1-B,CACCCCAAUAUCGAAGGGGACUAAAACGACAAUCAAACUC,"[[2, 22], [3, 19], [4, 18], [5, 17], [6, 16]]",40
5ztm-1-C,GCUUUAGAGAUCGUUUCGAAUGAUAAUCGUUCGAAACGUUCUCCGAAGC,"[[1, 49], [2, 48], [3, 47], [4, 46], [5, 45], [6, 44], [7, 43], [8, 42], [9, 41], [10, 40], [11, 39], [12, 38], [13, 37], [14, 36], [15, 35], [16, 34], [17, 33], [18, 32], [19, 31], [20, 30], [21, 29]]",49
6aay-1-B,AAAAAGGAAAUGAAAGUUGGAACUGCUCUCAUUUUGGAGGGUAAUCACAACA,"[[16, 51], [17, 50], [18, 49], [19, 48], [20, 47], [22, 44], [24, 43], [25, 42], [26, 41], [27, 40], [28, 39], [29, 38], [30, 37]]",52
6ck4-1-B,GUGAAAGUGUACCUAGGGUUCCAGCCUAUUUGUAGGUGUUCGGACCGAGCGGUACAGGUAUAUUAUAUACCACACCUUAGGGACAAAAGCCCGAGAGGAUGGUUUCACG,"[[1, 108], [2, 107], [3, 106], [4, 105], [5, 104], [6, 103], [7, 72], [7, 102], [8, 56], [9, 55], [10, 54], [11, 53], [12, 52], [13, 51], [14, 48], [15, 47], [16, 46], [16, 88], [17, 45], [18, 20], [18, 44], [18, 85], [19, 21], [21, 43], [22, 38], [22, 42], [23, 40], [24, 37], [25, 36], [26, 35], [27, 34], [28, 33], [29, 32], [38, 42], [46, 87], [49, 74], [57, 71], [58, 70], [59, 69], [60, 68], [61, 67], [62, 66], [63, 65], [73, 101], [73, 109], [75, 98], [76, 97], [77, 96], [78, 95], [79, 93], [80, 92], [81, 91], [82, 90], [83, 88], [84, 87], [101, 109]]",109
6dcb-1-B,GGAUGUGAGGCUUCGGCCUCACCGCUCCAUGUGCGA,"[[1, 28], [2, 27], [3, 26], [4, 24], [5, 22], [6, 21], [7, 20], [8, 19], [9, 18], [10, 17], [11, 16], [12, 15]]",36
6dlq-1-A,GGAAAGUGUGUCUAGGGUUCCGCGUGCUUCGGCACGGACUGGUCCAAGUGACACAGACGCAUUCGUGCGUUACACCGGAGGGAUAGAAGCCCAGGCGGGUAGGUUUC,"[[2, 107], [3, 106], [4, 105], [5, 104], [6, 72], [6, 73], [6, 103], [7, 55], [8, 54], [9, 53], [10, 52], [11, 51], [12, 50], [13, 47], [14, 46], [15, 45], [15, 88], [16, 44], [17, 19], [17, 43], [17, 85], [18, 20], [19, 43], [20, 42], [21, 37], [21, 41], [22, 39], [22, 40], [23, 36], [24, 35], [25, 34], [26, 33], [27, 32], [28, 31], [37, 41], [48, 74], [56, 71], [57, 70], [58, 69], [59, 68], [60, 67], [61, 66], [62, 65], [73, 94], [73, 103], [75, 98], [76, 97], [77, 96], [78, 95], [79, 93], [80, 92], [81, 91], [82, 90], [83, 88], [84, 87], [99, 101]]",107
6dmc-1-A,GGAAGUGUACCUAGGGAUCCACCUCGAGAGAGGAAGGACCAAGCGGUACAGGCCUACUUCGGUAGGUUACACCGUGGGGAUAAAAGACCCGUGGCAAGUUUCG,"[[1, 102], [2, 101], [3, 100], [4, 99], [5, 69], [5, 98], [6, 50], [7, 49], [8, 48], [9, 47], [10, 46], [11, 45], [12, 42], [13, 41], [14, 40], [15, 39], [16, 18], [16, 38], [16, 82], [19, 37], [20, 36], [21, 34], [22, 33], [23, 32], [24, 31], [25, 30], [26, 29], [35, 36], [43, 71], [51, 68], [52, 67], [53, 66], [54, 65], [55, 64], [56, 63], [57, 62], [58, 61], [69, 98], [70, 97], [70, 98], [70, 103], [72, 94], [73, 93], [74, 92], [75, 91], [76, 90], [77, 89], [78, 88], [79, 87], [80, 85], [81, 84]]",103
6fz0-1-A,AGGCGCAUUUGAACUGUAUUGUACGCCUUGCAGCAAAAGUACUAAAAAA,"[[1, 28], [2, 27], [3, 26], [3, 38], [4, 25], [5, 41], [7, 21], [7, 42], [8, 43], [9, 44], [10, 45], [11, 17], [15, 47], [17, 48], [18, 46], [19, 45], [20, 44], [21, 42], [22, 41], [23, 40], [24, 39], [27, 37], [29, 35], [30, 34], [43, 49]]",49
